1,MANOJ,SUTHAR,JODHPUR
2,RAHUL,SUTHAR,JODHPUR
3,SANJAY,SUTHAR,JODHPUR
4,JACK,RIDER,JODHPUR
5,SIMY,YEM,JODHPUR
6,MANOJ,SUTHAR,JODHPUR
7,MwerNOJ,SUTHAR,JODHPUR
8,MwerNOJ,SUTHAR,JODerHPUR
9,MwerNOJ,SUTHAR,JODerHPUR
10,MwerNOJ,SUTHAR,JODerHPUR
11,MwerNOJ,SUTHAR,JODerHPUR
12,M5NOJ,SUTHAR,JODHPUR
13,M5NOJ,SUTHAR,JODHPUR
14,M5NOJ,SUTHAR,JODwereHPUR
15,M5NOJ,SUTHAR,JODwereHPUR
16,M5NOJ,SUTHAR,JODwereHPUR
17,M5NOJ,SUTHAR,JODwereHPUR
18,M5NOJ,SUTHAR,JODwereHPUR
19,MANOJ,SUTHAR,JODwereHPUR
20,MANOJ,SUTHAR,JODwereHPUR
21,MANOJ,SU5AR,JODHwerePUR
22,MA345NOJ,SU5AR,JODHwerePUR
23,MA345NOJ,SU5AR,JODHwerePUR
24,MA345NOJ,SU5AR,JODHwerePUR
25,MA345NOJ,SU5AR,JODerPUR
26,MA345NOJ,SU5AR,JODerPUR
27,MA345NOJ,SU5AR,JODerPUR
28,MA345NOJ,SU5AR,JODHPUR
29,MANOJ,SU5AR,JODHPUR
30,MANOJ,SUTHAR,JODHPUR
31,MwerNOJ,SUTHAR,JODHPUR
32,MwerNOJ,SUTHAR,JODerHPUR
33,MwerNOJ,SUTHAR,JODerHPUR
34,MwerNOJ,SUTHAR,JODerHPUR
35,MwerNOJ,SUTHAR,JODerHPUR
36,M5NOJ,SUTHAR,JODHPUR
37,M5NOJ,SUTHAR,JODHPUR
38,M5NOJ,SUTHAR,JODwereHPUR
39,M5NOJ,SUTHAR,JODwereHPUR
40,M5NOJ,SUTHAR,JODwereHPUR
41,M5NOJ,SUTHAR,JODwereHPUR
42,M5NOJ,SUTHAR,JODwereHPUR
43,MANOJ,SUTHAR,JODwereHPUR
44,MANOJ,SUTHAR,JODwereHPUR
45,MANOJ,SU5AR,JODHwerePUR
46,MA345NOJ,SU5AR,JODHwerePUR
47,MA345NOJ,SU5AR,JODHwerePUR
48,MA345NOJ,SU5AR,JODHwerePUR
49,MA345NOJ,SU5AR,JODerPUR
50,MA345NOJ,SU5AR,JODerPUR
51,MA345NOJ,SU5AR,JODerPUR
52,MA345NOJ,SU5AR,JODHPUR
53,MANOJ,SU5AR,JODHPUR
54,MANOJ,SUTHAR,JODHPUR
55,MwerNOJ,SUTHAR,JODHPUR
56,MwerNOJ,SUTHAR,JODerHPUR
57,MwerNOJ,SUTHAR,JODerHPUR
58,MwerNOJ,SUTHAR,JODerHPUR
59,MwerNOJ,SUTHAR,JODerHPUR
60,M5NOJ,SUTHAR,JODHPUR
61,M5NOJ,SUTHAR,JODHPUR
62,M5NOJ,SUTHAR,JODwereHPUR
63,M5NOJ,SUTHAR,JODwereHPUR
64,M5NOJ,SUTHAR,JODwereHPUR
65,M5NOJ,SUTHAR,JODwereHPUR
66,M5NOJ,SUTHAR,JODwereHPUR
67,MANOJ,SUTHAR,JODwereHPUR
68,MANOJ,SUTHAR,JODwereHPUR
69,MANOJ,SU5AR,JODHwerePUR
70,MA345NOJ,SU5AR,JODHwerePUR
71,MA345NOJ,SU5AR,JODHwerePUR
72,MA345NOJ,SU5AR,JODHwerePUR
73,MA345NOJ,SU5AR,JODerPUR
74,MA345NOJ,SU5AR,JODerPUR
75,MA345NOJ,SU5AR,JODerPUR
76,MA345NOJ,SU5AR,JODHPUR
77,MANOJ,SU5AR,JODHPUR
78,MANOJ,SUTHAR,JODHPUR
79,MwerNOJ,SUTHAR,JODHPUR
80,MwerNOJ,SUTHAR,JODerHPUR
81,MwerNOJ,SUTHAR,JODerHPUR
82,MwerNOJ,SUTHAR,JODerHPUR
83,MwerNOJ,SUTHAR,JODerHPUR
84,M5NOJ,SUTHAR,JODHPUR
85,M5NOJ,SUTHAR,JODHPUR
86,M5NOJ,SUTHAR,JODwereHPUR
87,M5NOJ,SUTHAR,JODwereHPUR
88,M5NOJ,SUTHAR,JODwereHPUR
89,M5NOJ,SUTHAR,JODwereHPUR
90,M5NOJ,SUTHAR,JODwereHPUR
91,MANOJ,SUTHAR,JODwereHPUR
92,MANOJ,SUTHAR,JODwereHPUR
93,MANOJ,SU5AR,JODHwerePUR
94,MA345NOJ,SU5AR,JODHwerePUR
95,MA345NOJ,SU5AR,JODHwerePUR
96,MA345NOJ,SU5AR,JODHwerePUR
97,MA345NOJ,SU5AR,JODerPUR
98,MA345NOJ,SU5AR,JODerPUR
99,MA345NOJ,SU5AR,JODerPUR
100,MA345NOJ,SU5AR,JODHPUR
101,MANOJ,SU5AR,JODHPUR
102,MANOJ,SUTHAR,JODHPUR
103,MwerNOJ,SUTHAR,JODHPUR
104,MwerNOJ,SUTHAR,JODerHPUR
105,MwerNOJ,SUTHAR,JODerHPUR
106,MwerNOJ,SUTHAR,JODerHPUR
107,MwerNOJ,SUTHAR,JODerHPUR
108,M5NOJ,SUTHAR,JODHPUR
109,M5NOJ,SUTHAR,JODHPUR
110,M5NOJ,SUTHAR,JODwereHPUR
111,M5NOJ,SUTHAR,JODwereHPUR
112,M5NOJ,SUTHAR,JODwereHPUR
113,M5NOJ,SUTHAR,JODwereHPUR
114,M5NOJ,SUTHAR,JODwereHPUR
115,MANOJ,SUTHAR,JODwereHPUR
116,MANOJ,SUTHAR,JODwereHPUR
117,MANOJ,SU5AR,JODHwerePUR
118,MA345NOJ,SU5AR,JODHwerePUR
119,MA345NOJ,SU5AR,JODHwerePUR
120,MA345NOJ,SU5AR,JODHwerePUR
121,MA345NOJ,SU5AR,JODerPUR
122,MA345NOJ,SU5AR,JODerPUR
123,MA345NOJ,SU5AR,JODerPUR
124,MA345NOJ,SU5AR,JODHPUR
125,MANOJ,SU5AR,JODHPUR
126,MANOJ,SUTHAR,JODHPUR
127,MwerNOJ,SUTHAR,JODHPUR
128,MwerNOJ,SUTHAR,JODerHPUR
129,MwerNOJ,SUTHAR,JODerHPUR
130,MwerNOJ,SUTHAR,JODerHPUR
131,MwerNOJ,SUTHAR,JODerHPUR
132,M5NOJ,SUTHAR,JODHPUR
133,M5NOJ,SUTHAR,JODHPUR
134,M5NOJ,SUTHAR,JODwereHPUR
135,M5NOJ,SUTHAR,JODwereHPUR
136,M5NOJ,SUTHAR,JODwereHPUR
137,M5NOJ,SUTHAR,JODwereHPUR
138,M5NOJ,SUTHAR,JODwereHPUR
139,MANOJ,SUTHAR,JODwereHPUR
140,MANOJ,SUTHAR,JODwereHPUR
141,MANOJ,SU5AR,JODHwerePUR
142,MA345NOJ,SU5AR,JODHwerePUR
143,MA345NOJ,SU5AR,JODHwerePUR
144,MA345NOJ,SU5AR,JODHwerePUR
145,MA345NOJ,SU5AR,JODerPUR
146,MA345NOJ,SU5AR,JODerPUR
147,MA345NOJ,SU5AR,JODerPUR
148,MA345NOJ,SU5AR,JODHPUR
149,MANOJ,SU5AR,JODHPUR
150,MANOJ,SUTHAR,JODHPUR
151,MwerNOJ,SUTHAR,JODHPUR
152,MwerNOJ,SUTHAR,JODerHPUR
153,MwerNOJ,SUTHAR,JODerHPUR
154,MwerNOJ,SUTHAR,JODerHPUR
155,MwerNOJ,SUTHAR,JODerHPUR
156,M5NOJ,SUTHAR,JODHPUR
157,M5NOJ,SUTHAR,JODHPUR
158,M5NOJ,SUTHAR,JODwereHPUR
159,M5NOJ,SUTHAR,JODwereHPUR
160,M5NOJ,SUTHAR,JODwereHPUR
161,M5NOJ,SUTHAR,JODwereHPUR
162,M5NOJ,SUTHAR,JODwereHPUR
163,MANOJ,SUTHAR,JODwereHPUR
164,MANOJ,SUTHAR,JODwereHPUR
165,MANOJ,SU5AR,JODHwerePUR
166,MA345NOJ,SU5AR,JODHwerePUR
167,MA345NOJ,SU5AR,JODHwerePUR
168,MA345NOJ,SU5AR,JODHwerePUR
169,MA345NOJ,SU5AR,JODerPUR
170,MA345NOJ,SU5AR,JODerPUR
171,MA345NOJ,SU5AR,JODerPUR
172,MA345NOJ,SU5AR,JODHPUR
173,MANOJ,SU5AR,JODHPUR
174,MANOJ,SUTHAR,JODHPUR
175,MwerNOJ,SUTHAR,JODHPUR
176,MwerNOJ,SUTHAR,JODerHPUR
177,MwerNOJ,SUTHAR,JODerHPUR
178,MwerNOJ,SUTHAR,JODerHPUR
179,MwerNOJ,SUTHAR,JODerHPUR
180,M5NOJ,SUTHAR,JODHPUR
181,M5NOJ,SUTHAR,JODHPUR
182,M5NOJ,SUTHAR,JODwereHPUR
183,M5NOJ,SUTHAR,JODwereHPUR
184,M5NOJ,SUTHAR,JODwereHPUR
185,M5NOJ,SUTHAR,JODwereHPUR
186,M5NOJ,SUTHAR,JODwereHPUR
187,MANOJ,SUTHAR,JODwereHPUR
188,MANOJ,SUTHAR,JODwereHPUR
189,MANOJ,SU5AR,JODHwerePUR
190,MA345NOJ,SU5AR,JODHwerePUR
191,MA345NOJ,SU5AR,JODHwerePUR
192,MA345NOJ,SU5AR,JODHwerePUR
193,MA345NOJ,SU5AR,JODerPUR
194,MA345NOJ,SU5AR,JODerPUR
195,MA345NOJ,SU5AR,JODerPUR
196,MA345NOJ,SU5AR,JODHPUR
197,MANOJ,SU5AR,JODHPUR
198,MANOJ,SUTHAR,JODHPUR
199,MwerNOJ,SUTHAR,JODHPUR
200,MwerNOJ,SUTHAR,JODerHPUR
201,MwerNOJ,SUTHAR,JODerHPUR
202,MwerNOJ,SUTHAR,JODerHPUR
203,MwerNOJ,SUTHAR,JODerHPUR
204,M5NOJ,SUTHAR,JODHPUR
205,M5NOJ,SUTHAR,JODHPUR
206,M5NOJ,SUTHAR,JODwereHPUR
207,M5NOJ,SUTHAR,JODwereHPUR
208,M5NOJ,SUTHAR,JODwereHPUR
209,M5NOJ,SUTHAR,JODwereHPUR
210,M5NOJ,SUTHAR,JODwereHPUR
211,MANOJ,SUTHAR,JODwereHPUR
212,MANOJ,SUTHAR,JODwereHPUR
213,MANOJ,SU5AR,JODHwerePUR
214,MA345NOJ,SU5AR,JODHwerePUR
215,MA345NOJ,SU5AR,JODHwerePUR
216,MA345NOJ,SU5AR,JODHwerePUR
217,MA345NOJ,SU5AR,JODerPUR
218,MA345NOJ,SU5AR,JODerPUR
219,MA345NOJ,SU5AR,JODerPUR
220,MA345NOJ,SU5AR,JODHPUR
221,MANOJ,SU5AR,JODHPUR
222,MANOJ,SUTHAR,JODHPUR
223,MwerNOJ,SUTHAR,JODHPUR
224,MwerNOJ,SUTHAR,JODerHPUR
225,MwerNOJ,SUTHAR,JODerHPUR
226,MwerNOJ,SUTHAR,JODerHPUR
227,MwerNOJ,SUTHAR,JODerHPUR
228,M5NOJ,SUTHAR,JODHPUR
229,M5NOJ,SUTHAR,JODHPUR
230,M5NOJ,SUTHAR,JODwereHPUR
231,M5NOJ,SUTHAR,JODwereHPUR
232,M5NOJ,SUTHAR,JODwereHPUR
233,M5NOJ,SUTHAR,JODwereHPUR
234,M5NOJ,SUTHAR,JODwereHPUR
235,MANOJ,SUTHAR,JODwereHPUR
236,MANOJ,SUTHAR,JODwereHPUR
237,MANOJ,SU5AR,JODHwerePUR
238,MA345NOJ,SU5AR,JODHwerePUR
239,MA345NOJ,SU5AR,JODHwerePUR
240,MA345NOJ,SU5AR,JODHwerePUR
241,MA345NOJ,SU5AR,JODerPUR
242,MA345NOJ,SU5AR,JODerPUR
243,MA345NOJ,SU5AR,JODerPUR
244,MA345NOJ,SU5AR,JODHPUR
245,MANOJ,SU5AR,JODHPUR
246,MANOJ,SUTHAR,JODHPUR
247,MwerNOJ,SUTHAR,JODHPUR
248,MwerNOJ,SUTHAR,JODerHPUR
249,MwerNOJ,SUTHAR,JODerHPUR
250,MwerNOJ,SUTHAR,JODerHPUR
251,MwerNOJ,SUTHAR,JODerHPUR
252,M5NOJ,SUTHAR,JODHPUR
253,M5NOJ,SUTHAR,JODHPUR
254,M5NOJ,SUTHAR,JODwereHPUR
255,M5NOJ,SUTHAR,JODwereHPUR
256,M5NOJ,SUTHAR,JODwereHPUR
257,M5NOJ,SUTHAR,JODwereHPUR
258,M5NOJ,SUTHAR,JODwereHPUR
259,MANOJ,SUTHAR,JODwereHPUR
260,MANOJ,SUTHAR,JODwereHPUR
261,MANOJ,SU5AR,JODHwerePUR
262,MA345NOJ,SU5AR,JODHwerePUR
263,MA345NOJ,SU5AR,JODHwerePUR
264,MA345NOJ,SU5AR,JODHwerePUR
265,MA345NOJ,SU5AR,JODerPUR
266,MA345NOJ,SU5AR,JODerPUR
267,MA345NOJ,SU5AR,JODerPUR
268,MA345NOJ,SU5AR,JODHPUR
269,MANOJ,SU5AR,JODHPUR
270,MANOJ,SUTHAR,JODHPUR
271,MwerNOJ,SUTHAR,JODHPUR
272,MwerNOJ,SUTHAR,JODerHPUR
273,MwerNOJ,SUTHAR,JODerHPUR
274,MwerNOJ,SUTHAR,JODerHPUR
275,MwerNOJ,SUTHAR,JODerHPUR
276,M5NOJ,SUTHAR,JODHPUR
277,M5NOJ,SUTHAR,JODHPUR
278,M5NOJ,SUTHAR,JODwereHPUR
279,M5NOJ,SUTHAR,JODwereHPUR
280,M5NOJ,SUTHAR,JODwereHPUR
281,M5NOJ,SUTHAR,JODwereHPUR
282,M5NOJ,SUTHAR,JODwereHPUR
283,MANOJ,SUTHAR,JODwereHPUR
284,MANOJ,SUTHAR,JODwereHPUR
285,MANOJ,SU5AR,JODHwerePUR
286,MA345NOJ,SU5AR,JODHwerePUR
287,MA345NOJ,SU5AR,JODHwerePUR
288,MA345NOJ,SU5AR,JODHwerePUR
289,MA345NOJ,SU5AR,JODerPUR
290,MA345NOJ,SU5AR,JODerPUR
291,MA345NOJ,SU5AR,JODerPUR
292,MA345NOJ,SU5AR,JODHPUR
293,MANOJ,SU5AR,JODHPUR
294,MANOJ,SUTHAR,JODHPUR
295,MwerNOJ,SUTHAR,JODHPUR
296,MwerNOJ,SUTHAR,JODerHPUR
297,MwerNOJ,SUTHAR,JODerHPUR
298,MwerNOJ,SUTHAR,JODerHPUR
299,MwerNOJ,SUTHAR,JODerHPUR
300,M5NOJ,SUTHAR,JODHPUR
301,M5NOJ,SUTHAR,JODHPUR
302,M5NOJ,SUTHAR,JODwereHPUR
303,M5NOJ,SUTHAR,JODwereHPUR
304,M5NOJ,SUTHAR,JODwereHPUR
305,M5NOJ,SUTHAR,JODwereHPUR
306,M5NOJ,SUTHAR,JODwereHPUR
307,MANOJ,SUTHAR,JODwereHPUR
308,MANOJ,SUTHAR,JODwereHPUR
309,MANOJ,SU5AR,JODHwerePUR
310,MA345NOJ,SU5AR,JODHwerePUR
311,MA345NOJ,SU5AR,JODHwerePUR
312,MA345NOJ,SU5AR,JODHwerePUR
313,MA345NOJ,SU5AR,JODerPUR
314,MA345NOJ,SU5AR,JODerPUR
315,MA345NOJ,SU5AR,JODerPUR
316,MA345NOJ,SU5AR,JODHPUR
317,MANOJ,SU5AR,JODHPUR
318,MANOJ,SUTHAR,JODHPUR
319,MwerNOJ,SUTHAR,JODHPUR
320,MwerNOJ,SUTHAR,JODerHPUR
321,MwerNOJ,SUTHAR,JODerHPUR
322,MwerNOJ,SUTHAR,JODerHPUR
323,MwerNOJ,SUTHAR,JODerHPUR
324,M5NOJ,SUTHAR,JODHPUR
325,M5NOJ,SUTHAR,JODHPUR
326,M5NOJ,SUTHAR,JODwereHPUR
327,M5NOJ,SUTHAR,JODwereHPUR
328,M5NOJ,SUTHAR,JODwereHPUR
329,M5NOJ,SUTHAR,JODwereHPUR
330,M5NOJ,SUTHAR,JODwereHPUR
331,MANOJ,SUTHAR,JODwereHPUR
332,MANOJ,SUTHAR,JODwereHPUR
333,MANOJ,SU5AR,JODHwerePUR
334,MA345NOJ,SU5AR,JODHwerePUR
335,MA345NOJ,SU5AR,JODHwerePUR
336,MA345NOJ,SU5AR,JODHwerePUR
337,MA345NOJ,SU5AR,JODerPUR
338,MA345NOJ,SU5AR,JODerPUR
339,MA345NOJ,SU5AR,JODerPUR
340,MA345NOJ,SU5AR,JODHPUR
341,MANOJ,SU5AR,JODHPUR
342,MANOJ,SUTHAR,JODHPUR
343,MwerNOJ,SUTHAR,JODHPUR
344,MwerNOJ,SUTHAR,JODerHPUR
345,MwerNOJ,SUTHAR,JODerHPUR
346,MwerNOJ,SUTHAR,JODerHPUR
347,MwerNOJ,SUTHAR,JODerHPUR
348,M5NOJ,SUTHAR,JODHPUR
349,M5NOJ,SUTHAR,JODHPUR
350,M5NOJ,SUTHAR,JODwereHPUR
351,M5NOJ,SUTHAR,JODwereHPUR
352,M5NOJ,SUTHAR,JODwereHPUR
353,M5NOJ,SUTHAR,JODwereHPUR
354,M5NOJ,SUTHAR,JODwereHPUR
355,MANOJ,SUTHAR,JODwereHPUR
356,MANOJ,SUTHAR,JODwereHPUR
357,MANOJ,SU5AR,JODHwerePUR
358,MA345NOJ,SU5AR,JODHwerePUR
359,MA345NOJ,SU5AR,JODHwerePUR
360,MA345NOJ,SU5AR,JODHwerePUR
361,MA345NOJ,SU5AR,JODerPUR
362,MA345NOJ,SU5AR,JODerPUR
363,MA345NOJ,SU5AR,JODerPUR
364,MA345NOJ,SU5AR,JODHPUR
365,MANOJ,SU5AR,JODHPUR
366,MANOJ,SUTHAR,JODHPUR
367,MwerNOJ,SUTHAR,JODHPUR
368,MwerNOJ,SUTHAR,JODerHPUR
369,MwerNOJ,SUTHAR,JODerHPUR
370,MwerNOJ,SUTHAR,JODerHPUR
371,MwerNOJ,SUTHAR,JODerHPUR
372,M5NOJ,SUTHAR,JODHPUR
373,M5NOJ,SUTHAR,JODHPUR
374,M5NOJ,SUTHAR,JODwereHPUR
375,M5NOJ,SUTHAR,JODwereHPUR
376,M5NOJ,SUTHAR,JODwereHPUR
377,M5NOJ,SUTHAR,JODwereHPUR
378,M5NOJ,SUTHAR,JODwereHPUR
379,MANOJ,SUTHAR,JODwereHPUR
380,MANOJ,SUTHAR,JODwereHPUR
381,MANOJ,SU5AR,JODHwerePUR
382,MA345NOJ,SU5AR,JODHwerePUR
383,MA345NOJ,SU5AR,JODHwerePUR
384,MA345NOJ,SU5AR,JODHwerePUR
385,MA345NOJ,SU5AR,JODerPUR
386,MA345NOJ,SU5AR,JODerPUR
387,MA345NOJ,SU5AR,JODerPUR
388,MA345NOJ,SU5AR,JODHPUR
389,MANOJ,SU5AR,JODHPUR
390,MANOJ,SUTHAR,JODHPUR
391,MwerNOJ,SUTHAR,JODHPUR
392,MwerNOJ,SUTHAR,JODerHPUR
393,MwerNOJ,SUTHAR,JODerHPUR
394,MwerNOJ,SUTHAR,JODerHPUR
395,MwerNOJ,SUTHAR,JODerHPUR
396,M5NOJ,SUTHAR,JODHPUR
397,M5NOJ,SUTHAR,JODHPUR
398,M5NOJ,SUTHAR,JODwereHPUR
399,M5NOJ,SUTHAR,JODwereHPUR
400,M5NOJ,SUTHAR,JODwereHPUR
401,M5NOJ,SUTHAR,JODwereHPUR
402,M5NOJ,SUTHAR,JODwereHPUR
403,MANOJ,SUTHAR,JODwereHPUR
404,MANOJ,SUTHAR,JODwereHPUR
405,MANOJ,SU5AR,JODHwerePUR
406,MA345NOJ,SU5AR,JODHwerePUR
407,MA345NOJ,SU5AR,JODHwerePUR
408,MA345NOJ,SU5AR,JODHwerePUR
409,MA345NOJ,SU5AR,JODerPUR
410,MA345NOJ,SU5AR,JODerPUR
411,MA345NOJ,SU5AR,JODerPUR
412,MA345NOJ,SU5AR,JODHPUR
413,MANOJ,SU5AR,JODHPUR
414,MANOJ,SUTHAR,JODHPUR
415,MwerNOJ,SUTHAR,JODHPUR
416,MwerNOJ,SUTHAR,JODerHPUR
417,MwerNOJ,SUTHAR,JODerHPUR
418,MwerNOJ,SUTHAR,JODerHPUR
419,MwerNOJ,SUTHAR,JODerHPUR
420,M5NOJ,SUTHAR,JODHPUR
421,M5NOJ,SUTHAR,JODHPUR
422,M5NOJ,SUTHAR,JODwereHPUR
423,M5NOJ,SUTHAR,JODwereHPUR
424,M5NOJ,SUTHAR,JODwereHPUR
425,M5NOJ,SUTHAR,JODwereHPUR
426,M5NOJ,SUTHAR,JODwereHPUR
427,MANOJ,SUTHAR,JODwereHPUR
428,MANOJ,SUTHAR,JODwereHPUR
429,MANOJ,SU5AR,JODHwerePUR
430,MA345NOJ,SU5AR,JODHwerePUR
431,MA345NOJ,SU5AR,JODHwerePUR
432,MA345NOJ,SU5AR,JODHwerePUR
433,MA345NOJ,SU5AR,JODerPUR
434,MA345NOJ,SU5AR,JODerPUR
435,MA345NOJ,SU5AR,JODerPUR
436,MA345NOJ,SU5AR,JODHPUR
437,MANOJ,SU5AR,JODHPUR
438,MANOJ,SUTHAR,JODHPUR
439,MwerNOJ,SUTHAR,JODHPUR
440,MwerNOJ,SUTHAR,JODerHPUR
441,MwerNOJ,SUTHAR,JODerHPUR
442,MwerNOJ,SUTHAR,JODerHPUR
443,MwerNOJ,SUTHAR,JODerHPUR
444,M5NOJ,SUTHAR,JODHPUR
445,M5NOJ,SUTHAR,JODHPUR
446,M5NOJ,SUTHAR,JODwereHPUR
447,M5NOJ,SUTHAR,JODwereHPUR
448,M5NOJ,SUTHAR,JODwereHPUR
449,M5NOJ,SUTHAR,JODwereHPUR
450,M5NOJ,SUTHAR,JODwereHPUR
451,MANOJ,SUTHAR,JODwereHPUR
452,MANOJ,SUTHAR,JODwereHPUR
453,MANOJ,SU5AR,JODHwerePUR
454,MA345NOJ,SU5AR,JODHwerePUR
455,MA345NOJ,SU5AR,JODHwerePUR
456,MA345NOJ,SU5AR,JODHwerePUR
457,MA345NOJ,SU5AR,JODerPUR
458,MA345NOJ,SU5AR,JODerPUR
459,MA345NOJ,SU5AR,JODerPUR
460,MA345NOJ,SU5AR,JODHPUR
461,MANOJ,SU5AR,JODHPUR
462,MANOJ,SUTHAR,JODHPUR
463,MwerNOJ,SUTHAR,JODHPUR
464,MwerNOJ,SUTHAR,JODerHPUR
465,MwerNOJ,SUTHAR,JODerHPUR
466,MwerNOJ,SUTHAR,JODerHPUR
467,MwerNOJ,SUTHAR,JODerHPUR
468,M5NOJ,SUTHAR,JODHPUR
469,M5NOJ,SUTHAR,JODHPUR
470,M5NOJ,SUTHAR,JODwereHPUR
471,M5NOJ,SUTHAR,JODwereHPUR
472,M5NOJ,SUTHAR,JODwereHPUR
473,M5NOJ,SUTHAR,JODwereHPUR
474,M5NOJ,SUTHAR,JODwereHPUR
475,MANOJ,SUTHAR,JODwereHPUR
476,MANOJ,SUTHAR,JODwereHPUR
477,MANOJ,SU5AR,JODHwerePUR
478,MA345NOJ,SU5AR,JODHwerePUR
479,MA345NOJ,SU5AR,JODHwerePUR
480,MA345NOJ,SU5AR,JODHwerePUR
481,MA345NOJ,SU5AR,JODerPUR
482,MA345NOJ,SU5AR,JODerPUR
483,MA345NOJ,SU5AR,JODerPUR
484,MA345NOJ,SU5AR,JODHPUR
485,MANOJ,SU5AR,JODHPUR
486,MANOJ,SUTHAR,JODHPUR
487,MwerNOJ,SUTHAR,JODHPUR
488,MwerNOJ,SUTHAR,JODerHPUR
489,MwerNOJ,SUTHAR,JODerHPUR
490,MwerNOJ,SUTHAR,JODerHPUR
491,MwerNOJ,SUTHAR,JODerHPUR
492,M5NOJ,SUTHAR,JODHPUR
493,M5NOJ,SUTHAR,JODHPUR
494,M5NOJ,SUTHAR,JODwereHPUR
495,M5NOJ,SUTHAR,JODwereHPUR
496,M5NOJ,SUTHAR,JODwereHPUR
497,M5NOJ,SUTHAR,JODwereHPUR
498,M5NOJ,SUTHAR,JODwereHPUR
499,MANOJ,SUTHAR,JODwereHPUR
500,MANOJ,SUTHAR,JODwereHPUR
501,MANOJ,SU5AR,JODHwerePUR
502,MA345NOJ,SU5AR,JODHwerePUR
503,MA345NOJ,SU5AR,JODHwerePUR
504,MA345NOJ,SU5AR,JODHwerePUR
505,MA345NOJ,SU5AR,JODerPUR
506,MA345NOJ,SU5AR,JODerPUR
507,MA345NOJ,SU5AR,JODerPUR
508,MA345NOJ,SU5AR,JODHPUR
509,MANOJ,SU5AR,JODHPUR
510,MANOJ,SUTHAR,JODHPUR
511,MwerNOJ,SUTHAR,JODHPUR
512,MwerNOJ,SUTHAR,JODerHPUR
513,MwerNOJ,SUTHAR,JODerHPUR
514,MwerNOJ,SUTHAR,JODerHPUR
515,MwerNOJ,SUTHAR,JODerHPUR
516,M5NOJ,SUTHAR,JODHPUR
517,M5NOJ,SUTHAR,JODHPUR
518,M5NOJ,SUTHAR,JODwereHPUR
519,M5NOJ,SUTHAR,JODwereHPUR
520,M5NOJ,SUTHAR,JODwereHPUR
521,M5NOJ,SUTHAR,JODwereHPUR
522,M5NOJ,SUTHAR,JODwereHPUR
523,MANOJ,SUTHAR,JODwereHPUR
524,MANOJ,SUTHAR,JODwereHPUR
525,MANOJ,SU5AR,JODHwerePUR
526,MA345NOJ,SU5AR,JODHwerePUR
527,MA345NOJ,SU5AR,JODHwerePUR
528,MA345NOJ,SU5AR,JODHwerePUR
529,MA345NOJ,SU5AR,JODerPUR
530,MA345NOJ,SU5AR,JODerPUR
531,MA345NOJ,SU5AR,JODerPUR
532,MA345NOJ,SU5AR,JODHPUR
533,MANOJ,SU5AR,JODHPUR
534,MANOJ,SUTHAR,JODHPUR
535,MwerNOJ,SUTHAR,JODHPUR
536,MwerNOJ,SUTHAR,JODerHPUR
537,MwerNOJ,SUTHAR,JODerHPUR
538,MwerNOJ,SUTHAR,JODerHPUR
539,MwerNOJ,SUTHAR,JODerHPUR
540,M5NOJ,SUTHAR,JODHPUR
541,M5NOJ,SUTHAR,JODHPUR
542,M5NOJ,SUTHAR,JODwereHPUR
543,M5NOJ,SUTHAR,JODwereHPUR
544,M5NOJ,SUTHAR,JODwereHPUR
545,M5NOJ,SUTHAR,JODwereHPUR
546,M5NOJ,SUTHAR,JODwereHPUR
547,MANOJ,SUTHAR,JODwereHPUR
548,MANOJ,SUTHAR,JODwereHPUR
549,MANOJ,SU5AR,JODHwerePUR
550,MA345NOJ,SU5AR,JODHwerePUR
551,MA345NOJ,SU5AR,JODHwerePUR
552,MA345NOJ,SU5AR,JODHwerePUR
553,MA345NOJ,SU5AR,JODerPUR
554,MA345NOJ,SU5AR,JODerPUR
555,MA345NOJ,SU5AR,JODerPUR
556,MA345NOJ,SU5AR,JODHPUR
557,MANOJ,SU5AR,JODHPUR
558,MANOJ,SUTHAR,JODHPUR
559,MwerNOJ,SUTHAR,JODHPUR
560,MwerNOJ,SUTHAR,JODerHPUR
561,MwerNOJ,SUTHAR,JODerHPUR
562,MwerNOJ,SUTHAR,JODerHPUR
563,MwerNOJ,SUTHAR,JODerHPUR
564,M5NOJ,SUTHAR,JODHPUR
565,M5NOJ,SUTHAR,JODHPUR
566,M5NOJ,SUTHAR,JODwereHPUR
567,M5NOJ,SUTHAR,JODwereHPUR
568,M5NOJ,SUTHAR,JODwereHPUR
569,M5NOJ,SUTHAR,JODwereHPUR
570,M5NOJ,SUTHAR,JODwereHPUR
571,MANOJ,SUTHAR,JODwereHPUR
572,MANOJ,SUTHAR,JODwereHPUR
573,MANOJ,SU5AR,JODHwerePUR
574,MA345NOJ,SU5AR,JODHwerePUR
575,MA345NOJ,SU5AR,JODHwerePUR
576,MA345NOJ,SU5AR,JODHwerePUR
577,MA345NOJ,SU5AR,JODerPUR
578,MA345NOJ,SU5AR,JODerPUR
579,MA345NOJ,SU5AR,JODerPUR
580,MA345NOJ,SU5AR,JODHPUR
581,MANOJ,SU5AR,JODHPUR
582,MANOJ,SUTHAR,JODHPUR
583,MwerNOJ,SUTHAR,JODHPUR
584,MwerNOJ,SUTHAR,JODerHPUR
585,MwerNOJ,SUTHAR,JODerHPUR
586,MwerNOJ,SUTHAR,JODerHPUR
587,MwerNOJ,SUTHAR,JODerHPUR
588,M5NOJ,SUTHAR,JODHPUR
589,M5NOJ,SUTHAR,JODHPUR
590,M5NOJ,SUTHAR,JODwereHPUR
591,M5NOJ,SUTHAR,JODwereHPUR
592,M5NOJ,SUTHAR,JODwereHPUR
593,M5NOJ,SUTHAR,JODwereHPUR
594,M5NOJ,SUTHAR,JODwereHPUR
595,MANOJ,SUTHAR,JODwereHPUR
596,MANOJ,SUTHAR,JODwereHPUR
597,MANOJ,SU5AR,JODHwerePUR
598,MA345NOJ,SU5AR,JODHwerePUR
599,MA345NOJ,SU5AR,JODHwerePUR
600,MA345NOJ,SU5AR,JODHwerePUR
601,MA345NOJ,SU5AR,JODerPUR
602,MA345NOJ,SU5AR,JODerPUR
603,MA345NOJ,SU5AR,JODerPUR
604,MA345NOJ,SU5AR,JODHPUR
605,MANOJ,SU5AR,JODHPUR
606,MANOJ,SUTHAR,JODHPUR
607,MwerNOJ,SUTHAR,JODHPUR
608,MwerNOJ,SUTHAR,JODerHPUR
609,MwerNOJ,SUTHAR,JODerHPUR
610,MwerNOJ,SUTHAR,JODerHPUR
611,MwerNOJ,SUTHAR,JODerHPUR
612,M5NOJ,SUTHAR,JODHPUR
613,M5NOJ,SUTHAR,JODHPUR
614,M5NOJ,SUTHAR,JODwereHPUR
615,M5NOJ,SUTHAR,JODwereHPUR
616,M5NOJ,SUTHAR,JODwereHPUR
617,M5NOJ,SUTHAR,JODwereHPUR
618,M5NOJ,SUTHAR,JODwereHPUR
619,MANOJ,SUTHAR,JODwereHPUR
620,MANOJ,SUTHAR,JODwereHPUR
621,MANOJ,SU5AR,JODHwerePUR
622,MA345NOJ,SU5AR,JODHwerePUR
623,MA345NOJ,SU5AR,JODHwerePUR
624,MA345NOJ,SU5AR,JODHwerePUR
625,MA345NOJ,SU5AR,JODerPUR
626,MA345NOJ,SU5AR,JODerPUR
627,MA345NOJ,SU5AR,JODerPUR
628,MA345NOJ,SU5AR,JODHPUR
629,MANOJ,SU5AR,JODHPUR
630,MANOJ,SUTHAR,JODHPUR
631,MwerNOJ,SUTHAR,JODHPUR
632,MwerNOJ,SUTHAR,JODerHPUR
633,MwerNOJ,SUTHAR,JODerHPUR
634,MwerNOJ,SUTHAR,JODerHPUR
635,MwerNOJ,SUTHAR,JODerHPUR
636,M5NOJ,SUTHAR,JODHPUR
637,M5NOJ,SUTHAR,JODHPUR
638,M5NOJ,SUTHAR,JODwereHPUR
639,M5NOJ,SUTHAR,JODwereHPUR
640,M5NOJ,SUTHAR,JODwereHPUR
641,M5NOJ,SUTHAR,JODwereHPUR
642,M5NOJ,SUTHAR,JODwereHPUR
643,MANOJ,SUTHAR,JODwereHPUR
644,MANOJ,SUTHAR,JODwereHPUR
645,MANOJ,SU5AR,JODHwerePUR
646,MA345NOJ,SU5AR,JODHwerePUR
647,MA345NOJ,SU5AR,JODHwerePUR
648,MA345NOJ,SU5AR,JODHwerePUR
649,MA345NOJ,SU5AR,JODerPUR
650,MA345NOJ,SU5AR,JODerPUR
651,MA345NOJ,SU5AR,JODerPUR
652,MA345NOJ,SU5AR,JODHPUR
653,MANOJ,SU5AR,JODHPUR
654,MANOJ,SUTHAR,JODHPUR
655,MwerNOJ,SUTHAR,JODHPUR
656,MwerNOJ,SUTHAR,JODerHPUR
657,MwerNOJ,SUTHAR,JODerHPUR
658,MwerNOJ,SUTHAR,JODerHPUR
659,MwerNOJ,SUTHAR,JODerHPUR
660,M5NOJ,SUTHAR,JODHPUR
661,M5NOJ,SUTHAR,JODHPUR
662,M5NOJ,SUTHAR,JODwereHPUR
663,M5NOJ,SUTHAR,JODwereHPUR
664,M5NOJ,SUTHAR,JODwereHPUR
665,M5NOJ,SUTHAR,JODwereHPUR
666,M5NOJ,SUTHAR,JODwereHPUR
667,MANOJ,SUTHAR,JODwereHPUR
668,MANOJ,SUTHAR,JODwereHPUR
669,MANOJ,SU5AR,JODHwerePUR
670,MA345NOJ,SU5AR,JODHwerePUR
671,MA345NOJ,SU5AR,JODHwerePUR
672,MA345NOJ,SU5AR,JODHwerePUR
673,MA345NOJ,SU5AR,JODerPUR
674,MA345NOJ,SU5AR,JODerPUR
675,MA345NOJ,SU5AR,JODerPUR
676,MA345NOJ,SU5AR,JODHPUR
677,MANOJ,SU5AR,JODHPUR
678,MANOJ,SUTHAR,JODHPUR
679,MwerNOJ,SUTHAR,JODHPUR
680,MwerNOJ,SUTHAR,JODerHPUR
681,MwerNOJ,SUTHAR,JODerHPUR
682,MwerNOJ,SUTHAR,JODerHPUR
683,MwerNOJ,SUTHAR,JODerHPUR
684,M5NOJ,SUTHAR,JODHPUR
685,M5NOJ,SUTHAR,JODHPUR
686,M5NOJ,SUTHAR,JODwereHPUR
687,M5NOJ,SUTHAR,JODwereHPUR
688,M5NOJ,SUTHAR,JODwereHPUR
689,M5NOJ,SUTHAR,JODwereHPUR
690,M5NOJ,SUTHAR,JODwereHPUR
691,MANOJ,SUTHAR,JODwereHPUR
692,MANOJ,SUTHAR,JODwereHPUR
693,MANOJ,SU5AR,JODHwerePUR
694,MA345NOJ,SU5AR,JODHwerePUR
695,MA345NOJ,SU5AR,JODHwerePUR
696,MA345NOJ,SU5AR,JODHwerePUR
697,MA345NOJ,SU5AR,JODerPUR
698,MA345NOJ,SU5AR,JODerPUR
699,MA345NOJ,SU5AR,JODerPUR
700,MA345NOJ,SU5AR,JODHPUR
701,MANOJ,SU5AR,JODHPUR
702,MANOJ,SUTHAR,JODHPUR
703,MwerNOJ,SUTHAR,JODHPUR
704,MwerNOJ,SUTHAR,JODerHPUR
705,MwerNOJ,SUTHAR,JODerHPUR
706,MwerNOJ,SUTHAR,JODerHPUR
707,MwerNOJ,SUTHAR,JODerHPUR
708,M5NOJ,SUTHAR,JODHPUR
709,M5NOJ,SUTHAR,JODHPUR
710,M5NOJ,SUTHAR,JODwereHPUR
711,M5NOJ,SUTHAR,JODwereHPUR
712,M5NOJ,SUTHAR,JODwereHPUR
713,M5NOJ,SUTHAR,JODwereHPUR
714,M5NOJ,SUTHAR,JODwereHPUR
715,MANOJ,SUTHAR,JODwereHPUR
716,MANOJ,SUTHAR,JODwereHPUR
717,MANOJ,SU5AR,JODHwerePUR
718,MA345NOJ,SU5AR,JODHwerePUR
719,MA345NOJ,SU5AR,JODHwerePUR
720,MA345NOJ,SU5AR,JODHwerePUR
721,MA345NOJ,SU5AR,JODerPUR
722,MA345NOJ,SU5AR,JODerPUR
723,MA345NOJ,SU5AR,JODerPUR
724,MA345NOJ,SU5AR,JODHPUR
725,MANOJ,SU5AR,JODHPUR
726,MANOJ,SUTHAR,JODHPUR
727,MwerNOJ,SUTHAR,JODHPUR
728,MwerNOJ,SUTHAR,JODerHPUR
729,MwerNOJ,SUTHAR,JODerHPUR
730,MwerNOJ,SUTHAR,JODerHPUR
731,MwerNOJ,SUTHAR,JODerHPUR
732,M5NOJ,SUTHAR,JODHPUR
733,M5NOJ,SUTHAR,JODHPUR
734,M5NOJ,SUTHAR,JODwereHPUR
735,M5NOJ,SUTHAR,JODwereHPUR
736,M5NOJ,SUTHAR,JODwereHPUR
737,M5NOJ,SUTHAR,JODwereHPUR
738,M5NOJ,SUTHAR,JODwereHPUR
739,MANOJ,SUTHAR,JODwereHPUR
740,MANOJ,SUTHAR,JODwereHPUR
741,MANOJ,SU5AR,JODHwerePUR
742,MA345NOJ,SU5AR,JODHwerePUR
743,MA345NOJ,SU5AR,JODHwerePUR
744,MA345NOJ,SU5AR,JODHwerePUR
745,MA345NOJ,SU5AR,JODerPUR
746,MA345NOJ,SU5AR,JODerPUR
747,MA345NOJ,SU5AR,JODerPUR
748,MA345NOJ,SU5AR,JODHPUR
749,MANOJ,SU5AR,JODHPUR
750,MANOJ,SUTHAR,JODHPUR
751,MwerNOJ,SUTHAR,JODHPUR
752,MwerNOJ,SUTHAR,JODerHPUR
753,MwerNOJ,SUTHAR,JODerHPUR
754,MwerNOJ,SUTHAR,JODerHPUR
755,MwerNOJ,SUTHAR,JODerHPUR
756,M5NOJ,SUTHAR,JODHPUR
757,M5NOJ,SUTHAR,JODHPUR
758,M5NOJ,SUTHAR,JODwereHPUR
759,M5NOJ,SUTHAR,JODwereHPUR
760,M5NOJ,SUTHAR,JODwereHPUR
761,M5NOJ,SUTHAR,JODwereHPUR
762,M5NOJ,SUTHAR,JODwereHPUR
763,MANOJ,SUTHAR,JODwereHPUR
764,MANOJ,SUTHAR,JODwereHPUR
765,MANOJ,SU5AR,JODHwerePUR
766,MA345NOJ,SU5AR,JODHwerePUR
767,MA345NOJ,SU5AR,JODHwerePUR
768,MA345NOJ,SU5AR,JODHwerePUR
769,MA345NOJ,SU5AR,JODerPUR
770,MA345NOJ,SU5AR,JODerPUR
771,MA345NOJ,SU5AR,JODerPUR
772,MA345NOJ,SU5AR,JODHPUR
773,MANOJ,SU5AR,JODHPUR
774,MANOJ,SUTHAR,JODHPUR
775,MwerNOJ,SUTHAR,JODHPUR
776,MwerNOJ,SUTHAR,JODerHPUR
777,MwerNOJ,SUTHAR,JODerHPUR
778,MwerNOJ,SUTHAR,JODerHPUR
779,MwerNOJ,SUTHAR,JODerHPUR
780,M5NOJ,SUTHAR,JODHPUR
781,M5NOJ,SUTHAR,JODHPUR
782,M5NOJ,SUTHAR,JODwereHPUR
783,M5NOJ,SUTHAR,JODwereHPUR
784,M5NOJ,SUTHAR,JODwereHPUR
785,M5NOJ,SUTHAR,JODwereHPUR
786,M5NOJ,SUTHAR,JODwereHPUR
787,MANOJ,SUTHAR,JODwereHPUR
788,MANOJ,SUTHAR,JODwereHPUR
789,MANOJ,SU5AR,JODHwerePUR
790,MA345NOJ,SU5AR,JODHwerePUR
791,MA345NOJ,SU5AR,JODHwerePUR
792,MA345NOJ,SU5AR,JODHwerePUR
793,MA345NOJ,SU5AR,JODerPUR
794,MA345NOJ,SU5AR,JODerPUR
795,MA345NOJ,SU5AR,JODerPUR
796,MA345NOJ,SU5AR,JODHPUR
797,MANOJ,SU5AR,JODHPUR
798,MANOJ,SUTHAR,JODHPUR
799,MwerNOJ,SUTHAR,JODHPUR
800,MwerNOJ,SUTHAR,JODerHPUR
801,MwerNOJ,SUTHAR,JODerHPUR
802,MwerNOJ,SUTHAR,JODerHPUR
803,MwerNOJ,SUTHAR,JODerHPUR
804,M5NOJ,SUTHAR,JODHPUR
805,M5NOJ,SUTHAR,JODHPUR
806,M5NOJ,SUTHAR,JODwereHPUR
807,M5NOJ,SUTHAR,JODwereHPUR
808,M5NOJ,SUTHAR,JODwereHPUR
809,M5NOJ,SUTHAR,JODwereHPUR
810,M5NOJ,SUTHAR,JODwereHPUR
811,MANOJ,SUTHAR,JODwereHPUR
812,MANOJ,SUTHAR,JODwereHPUR
813,MANOJ,SU5AR,JODHwerePUR
814,MA345NOJ,SU5AR,JODHwerePUR
815,MA345NOJ,SU5AR,JODHwerePUR
816,MA345NOJ,SU5AR,JODHwerePUR
817,MA345NOJ,SU5AR,JODerPUR
818,MA345NOJ,SU5AR,JODerPUR
819,MA345NOJ,SU5AR,JODerPUR
820,MA345NOJ,SU5AR,JODHPUR
821,MANOJ,SU5AR,JODHPUR
822,MANOJ,SUTHAR,JODHPUR
823,MwerNOJ,SUTHAR,JODHPUR
824,MwerNOJ,SUTHAR,JODerHPUR
825,MwerNOJ,SUTHAR,JODerHPUR
826,MwerNOJ,SUTHAR,JODerHPUR
827,MwerNOJ,SUTHAR,JODerHPUR
828,M5NOJ,SUTHAR,JODHPUR
829,M5NOJ,SUTHAR,JODHPUR
830,M5NOJ,SUTHAR,JODwereHPUR
831,M5NOJ,SUTHAR,JODwereHPUR
832,M5NOJ,SUTHAR,JODwereHPUR
833,M5NOJ,SUTHAR,JODwereHPUR
834,M5NOJ,SUTHAR,JODwereHPUR
835,MANOJ,SUTHAR,JODwereHPUR
836,MANOJ,SUTHAR,JODwereHPUR
837,MANOJ,SU5AR,JODHwerePUR
838,MA345NOJ,SU5AR,JODHwerePUR
839,MA345NOJ,SU5AR,JODHwerePUR
840,MA345NOJ,SU5AR,JODHwerePUR
841,MA345NOJ,SU5AR,JODerPUR
842,MA345NOJ,SU5AR,JODerPUR
843,MA345NOJ,SU5AR,JODerPUR
844,MA345NOJ,SU5AR,JODHPUR
845,MANOJ,SU5AR,JODHPUR
846,MANOJ,SUTHAR,JODHPUR
847,MwerNOJ,SUTHAR,JODHPUR
848,MwerNOJ,SUTHAR,JODerHPUR
849,MwerNOJ,SUTHAR,JODerHPUR
850,MwerNOJ,SUTHAR,JODerHPUR
851,MwerNOJ,SUTHAR,JODerHPUR
852,M5NOJ,SUTHAR,JODHPUR
853,M5NOJ,SUTHAR,JODHPUR
854,M5NOJ,SUTHAR,JODwereHPUR
855,M5NOJ,SUTHAR,JODwereHPUR
856,M5NOJ,SUTHAR,JODwereHPUR
857,M5NOJ,SUTHAR,JODwereHPUR
858,M5NOJ,SUTHAR,JODwereHPUR
859,MANOJ,SUTHAR,JODwereHPUR
860,MANOJ,SUTHAR,JODwereHPUR
861,MANOJ,SU5AR,JODHwerePUR
862,MA345NOJ,SU5AR,JODHwerePUR
863,MA345NOJ,SU5AR,JODHwerePUR
864,MA345NOJ,SU5AR,JODHwerePUR
865,MA345NOJ,SU5AR,JODerPUR
866,MA345NOJ,SU5AR,JODerPUR
867,MA345NOJ,SU5AR,JODerPUR
868,MA345NOJ,SU5AR,JODHPUR
869,MANOJ,SU5AR,JODHPUR
870,MANOJ,SUTHAR,JODHPUR
871,MwerNOJ,SUTHAR,JODHPUR
872,MwerNOJ,SUTHAR,JODerHPUR
873,MwerNOJ,SUTHAR,JODerHPUR
874,MwerNOJ,SUTHAR,JODerHPUR
875,MwerNOJ,SUTHAR,JODerHPUR
876,M5NOJ,SUTHAR,JODHPUR
877,M5NOJ,SUTHAR,JODHPUR
878,M5NOJ,SUTHAR,JODwereHPUR
879,M5NOJ,SUTHAR,JODwereHPUR
880,M5NOJ,SUTHAR,JODwereHPUR
881,M5NOJ,SUTHAR,JODwereHPUR
882,M5NOJ,SUTHAR,JODwereHPUR
883,MANOJ,SUTHAR,JODwereHPUR
884,MANOJ,SUTHAR,JODwereHPUR
885,MANOJ,SU5AR,JODHwerePUR
886,MA345NOJ,SU5AR,JODHwerePUR
887,MA345NOJ,SU5AR,JODHwerePUR
888,MA345NOJ,SU5AR,JODHwerePUR
889,MA345NOJ,SU5AR,JODerPUR
890,MA345NOJ,SU5AR,JODerPUR
891,MA345NOJ,SU5AR,JODerPUR
892,MA345NOJ,SU5AR,JODHPUR
893,MANOJ,SU5AR,JODHPUR
894,MANOJ,SUTHAR,JODHPUR
895,MwerNOJ,SUTHAR,JODHPUR
896,MwerNOJ,SUTHAR,JODerHPUR
897,MwerNOJ,SUTHAR,JODerHPUR
898,MwerNOJ,SUTHAR,JODerHPUR
899,MwerNOJ,SUTHAR,JODerHPUR
900,M5NOJ,SUTHAR,JODHPUR
901,M5NOJ,SUTHAR,JODHPUR
902,M5NOJ,SUTHAR,JODwereHPUR
903,M5NOJ,SUTHAR,JODwereHPUR
904,M5NOJ,SUTHAR,JODwereHPUR
905,M5NOJ,SUTHAR,JODwereHPUR
906,M5NOJ,SUTHAR,JODwereHPUR
907,MANOJ,SUTHAR,JODwereHPUR
908,MANOJ,SUTHAR,JODwereHPUR
909,MANOJ,SU5AR,JODHwerePUR
910,MA345NOJ,SU5AR,JODHwerePUR
911,MA345NOJ,SU5AR,JODHwerePUR
912,MA345NOJ,SU5AR,JODHwerePUR
913,MA345NOJ,SU5AR,JODerPUR
914,MA345NOJ,SU5AR,JODerPUR
915,MA345NOJ,SU5AR,JODerPUR
916,MA345NOJ,SU5AR,JODHPUR
917,MANOJ,SU5AR,JODHPUR
918,MANOJ,SUTHAR,JODHPUR
919,MwerNOJ,SUTHAR,JODHPUR
920,MwerNOJ,SUTHAR,JODerHPUR
921,MwerNOJ,SUTHAR,JODerHPUR
922,MwerNOJ,SUTHAR,JODerHPUR
923,MwerNOJ,SUTHAR,JODerHPUR
924,M5NOJ,SUTHAR,JODHPUR
925,M5NOJ,SUTHAR,JODHPUR
926,M5NOJ,SUTHAR,JODwereHPUR
927,M5NOJ,SUTHAR,JODwereHPUR
928,M5NOJ,SUTHAR,JODwereHPUR
929,M5NOJ,SUTHAR,JODwereHPUR
930,M5NOJ,SUTHAR,JODwereHPUR
931,MANOJ,SUTHAR,JODwereHPUR
932,MANOJ,SUTHAR,JODwereHPUR
933,MANOJ,SU5AR,JODHwerePUR
934,MA345NOJ,SU5AR,JODHwerePUR
935,MA345NOJ,SU5AR,JODHwerePUR
936,MA345NOJ,SU5AR,JODHwerePUR
937,MA345NOJ,SU5AR,JODerPUR
938,MA345NOJ,SU5AR,JODerPUR
939,MA345NOJ,SU5AR,JODerPUR
940,MA345NOJ,SU5AR,JODHPUR
941,MANOJ,SU5AR,JODHPUR
942,MANOJ,SUTHAR,JODHPUR
943,MwerNOJ,SUTHAR,JODHPUR
944,MwerNOJ,SUTHAR,JODerHPUR
945,MwerNOJ,SUTHAR,JODerHPUR
946,MwerNOJ,SUTHAR,JODerHPUR
947,MwerNOJ,SUTHAR,JODerHPUR
948,M5NOJ,SUTHAR,JODHPUR
949,M5NOJ,SUTHAR,JODHPUR
950,M5NOJ,SUTHAR,JODwereHPUR
951,M5NOJ,SUTHAR,JODwereHPUR
952,M5NOJ,SUTHAR,JODwereHPUR
953,M5NOJ,SUTHAR,JODwereHPUR
954,M5NOJ,SUTHAR,JODwereHPUR
955,MANOJ,SUTHAR,JODwereHPUR
956,MANOJ,SUTHAR,JODwereHPUR
957,MANOJ,SU5AR,JODHwerePUR
958,MA345NOJ,SU5AR,JODHwerePUR
959,MA345NOJ,SU5AR,JODHwerePUR
960,MA345NOJ,SU5AR,JODHwerePUR
961,MA345NOJ,SU5AR,JODerPUR
962,MA345NOJ,SU5AR,JODerPUR
963,MA345NOJ,SU5AR,JODerPUR
964,MA345NOJ,SU5AR,JODHPUR
965,MANOJ,SU5AR,JODHPUR
966,MANOJ,SUTHAR,JODHPUR
967,MwerNOJ,SUTHAR,JODHPUR
968,MwerNOJ,SUTHAR,JODerHPUR
969,MwerNOJ,SUTHAR,JODerHPUR
970,MwerNOJ,SUTHAR,JODerHPUR
971,MwerNOJ,SUTHAR,JODerHPUR
972,M5NOJ,SUTHAR,JODHPUR
973,M5NOJ,SUTHAR,JODHPUR
974,M5NOJ,SUTHAR,JODwereHPUR
975,M5NOJ,SUTHAR,JODwereHPUR
976,M5NOJ,SUTHAR,JODwereHPUR
977,M5NOJ,SUTHAR,JODwereHPUR
978,M5NOJ,SUTHAR,JODwereHPUR
979,MANOJ,SUTHAR,JODwereHPUR
980,MANOJ,SUTHAR,JODwereHPUR
981,MANOJ,SU5AR,JODHwerePUR
982,MA345NOJ,SU5AR,JODHwerePUR
983,MA345NOJ,SU5AR,JODHwerePUR
984,MA345NOJ,SU5AR,JODHwerePUR
985,MA345NOJ,SU5AR,JODerPUR
986,MA345NOJ,SU5AR,JODerPUR
987,MA345NOJ,SU5AR,JODerPUR
988,MA345NOJ,SU5AR,JODHPUR
989,MANOJ,SU5AR,JODHPUR
990,MANOJ,SUTHAR,JODHPUR
991,MwerNOJ,SUTHAR,JODHPUR
992,MwerNOJ,SUTHAR,JODerHPUR
993,MwerNOJ,SUTHAR,JODerHPUR
994,MwerNOJ,SUTHAR,JODerHPUR
995,MwerNOJ,SUTHAR,JODerHPUR
996,M5NOJ,SUTHAR,JODHPUR
997,M5NOJ,SUTHAR,JODHPUR
998,M5NOJ,SUTHAR,JODwereHPUR
999,M5NOJ,SUTHAR,JODwereHPUR
1000,M5NOJ,SUTHAR,JODwereHPUR
1001,M5NOJ,SUTHAR,JODwereHPUR
1002,M5NOJ,SUTHAR,JODwereHPUR
1003,MANOJ,SUTHAR,JODwereHPUR
1004,MANOJ,SUTHAR,JODwereHPUR
1005,MANOJ,SU5AR,JODHwerePUR
1006,MA345NOJ,SU5AR,JODHwerePUR
1007,MA345NOJ,SU5AR,JODHwerePUR
1008,MA345NOJ,SU5AR,JODHwerePUR
1009,MA345NOJ,SU5AR,JODerPUR
1010,MA345NOJ,SU5AR,JODerPUR
1011,MA345NOJ,SU5AR,JODerPUR
1012,MA345NOJ,SU5AR,JODHPUR
1013,MANOJ,SU5AR,JODHPUR
1014,MANOJ,SUTHAR,JODHPUR
1015,MwerNOJ,SUTHAR,JODHPUR
1016,MwerNOJ,SUTHAR,JODerHPUR
1017,MwerNOJ,SUTHAR,JODerHPUR
1018,MwerNOJ,SUTHAR,JODerHPUR
1019,MwerNOJ,SUTHAR,JODerHPUR
1020,M5NOJ,SUTHAR,JODHPUR
1021,M5NOJ,SUTHAR,JODHPUR
1022,M5NOJ,SUTHAR,JODwereHPUR
1023,M5NOJ,SUTHAR,JODwereHPUR
1024,M5NOJ,SUTHAR,JODwereHPUR
1025,M5NOJ,SUTHAR,JODwereHPUR
1026,M5NOJ,SUTHAR,JODwereHPUR
1027,MANOJ,SUTHAR,JODwereHPUR
1028,MANOJ,SUTHAR,JODwereHPUR
1029,MANOJ,SU5AR,JODHwerePUR
1030,MA345NOJ,SU5AR,JODHwerePUR
1031,MA345NOJ,SU5AR,JODHwerePUR
1032,MA345NOJ,SU5AR,JODHwerePUR
1033,MA345NOJ,SU5AR,JODerPUR
1034,MA345NOJ,SU5AR,JODerPUR
1035,MA345NOJ,SU5AR,JODerPUR
1036,MA345NOJ,SU5AR,JODHPUR
1037,MANOJ,SU5AR,JODHPUR
1038,MANOJ,SUTHAR,JODHPUR
1039,MwerNOJ,SUTHAR,JODHPUR
1040,MwerNOJ,SUTHAR,JODerHPUR
1041,MwerNOJ,SUTHAR,JODerHPUR
1042,MwerNOJ,SUTHAR,JODerHPUR
1043,MwerNOJ,SUTHAR,JODerHPUR
1044,M5NOJ,SUTHAR,JODHPUR
1045,M5NOJ,SUTHAR,JODHPUR
1046,M5NOJ,SUTHAR,JODwereHPUR
1047,M5NOJ,SUTHAR,JODwereHPUR
1048,M5NOJ,SUTHAR,JODwereHPUR
1049,M5NOJ,SUTHAR,JODwereHPUR
1050,M5NOJ,SUTHAR,JODwereHPUR
1051,MANOJ,SUTHAR,JODwereHPUR
1052,MANOJ,SUTHAR,JODwereHPUR
1053,MANOJ,SU5AR,JODHwerePUR
1054,MA345NOJ,SU5AR,JODHwerePUR
1055,MA345NOJ,SU5AR,JODHwerePUR
1056,MA345NOJ,SU5AR,JODHwerePUR
1057,MA345NOJ,SU5AR,JODerPUR
1058,MA345NOJ,SU5AR,JODerPUR
1059,MA345NOJ,SU5AR,JODerPUR
1060,MA345NOJ,SU5AR,JODHPUR
1061,MANOJ,SU5AR,JODHPUR
1062,MANOJ,SUTHAR,JODHPUR
1063,MwerNOJ,SUTHAR,JODHPUR
1064,MwerNOJ,SUTHAR,JODerHPUR
1065,MwerNOJ,SUTHAR,JODerHPUR
1066,MwerNOJ,SUTHAR,JODerHPUR
1067,MwerNOJ,SUTHAR,JODerHPUR
1068,M5NOJ,SUTHAR,JODHPUR
1069,M5NOJ,SUTHAR,JODHPUR
1070,M5NOJ,SUTHAR,JODwereHPUR
1071,M5NOJ,SUTHAR,JODwereHPUR
1072,M5NOJ,SUTHAR,JODwereHPUR
1073,M5NOJ,SUTHAR,JODwereHPUR
1074,M5NOJ,SUTHAR,JODwereHPUR
1075,MANOJ,SUTHAR,JODwereHPUR
1076,MANOJ,SUTHAR,JODwereHPUR
1077,MANOJ,SU5AR,JODHwerePUR
1078,MA345NOJ,SU5AR,JODHwerePUR
1079,MA345NOJ,SU5AR,JODHwerePUR
1080,MA345NOJ,SU5AR,JODHwerePUR
1081,MA345NOJ,SU5AR,JODerPUR
1082,MA345NOJ,SU5AR,JODerPUR
1083,MA345NOJ,SU5AR,JODerPUR
1084,MA345NOJ,SU5AR,JODHPUR
1085,MANOJ,SU5AR,JODHPUR
1086,MANOJ,SUTHAR,JODHPUR
1087,MwerNOJ,SUTHAR,JODHPUR
1088,MwerNOJ,SUTHAR,JODerHPUR
1089,MwerNOJ,SUTHAR,JODerHPUR
1090,MwerNOJ,SUTHAR,JODerHPUR
1091,MwerNOJ,SUTHAR,JODerHPUR
1092,M5NOJ,SUTHAR,JODHPUR
1093,M5NOJ,SUTHAR,JODHPUR
1094,M5NOJ,SUTHAR,JODwereHPUR
1095,M5NOJ,SUTHAR,JODwereHPUR
1096,M5NOJ,SUTHAR,JODwereHPUR
1097,M5NOJ,SUTHAR,JODwereHPUR
1098,M5NOJ,SUTHAR,JODwereHPUR
1099,MANOJ,SUTHAR,JODwereHPUR
1100,MANOJ,SUTHAR,JODwereHPUR
1101,MANOJ,SU5AR,JODHwerePUR
1102,MA345NOJ,SU5AR,JODHwerePUR
1103,MA345NOJ,SU5AR,JODHwerePUR
1104,MA345NOJ,SU5AR,JODHwerePUR
1105,MA345NOJ,SU5AR,JODerPUR
1106,MA345NOJ,SU5AR,JODerPUR
1107,MA345NOJ,SU5AR,JODerPUR
1108,MA345NOJ,SU5AR,JODHPUR
1109,MANOJ,SU5AR,JODHPUR
1110,MANOJ,SUTHAR,JODHPUR
1111,MwerNOJ,SUTHAR,JODHPUR
1112,MwerNOJ,SUTHAR,JODerHPUR
1113,MwerNOJ,SUTHAR,JODerHPUR
1114,MwerNOJ,SUTHAR,JODerHPUR
1115,MwerNOJ,SUTHAR,JODerHPUR
1116,M5NOJ,SUTHAR,JODHPUR
1117,M5NOJ,SUTHAR,JODHPUR
1118,M5NOJ,SUTHAR,JODwereHPUR
1119,M5NOJ,SUTHAR,JODwereHPUR
1120,M5NOJ,SUTHAR,JODwereHPUR
1121,M5NOJ,SUTHAR,JODwereHPUR
1122,M5NOJ,SUTHAR,JODwereHPUR
1123,MANOJ,SUTHAR,JODwereHPUR
1124,MANOJ,SUTHAR,JODwereHPUR
1125,MANOJ,SU5AR,JODHwerePUR
1126,MA345NOJ,SU5AR,JODHwerePUR
1127,MA345NOJ,SU5AR,JODHwerePUR
1128,MA345NOJ,SU5AR,JODHwerePUR
1129,MA345NOJ,SU5AR,JODerPUR
1130,MA345NOJ,SU5AR,JODerPUR
1131,MA345NOJ,SU5AR,JODerPUR
1132,MA345NOJ,SU5AR,JODHPUR
1133,MANOJ,SU5AR,JODHPUR
1134,MANOJ,SUTHAR,JODHPUR
1135,MwerNOJ,SUTHAR,JODHPUR
1136,MwerNOJ,SUTHAR,JODerHPUR
1137,MwerNOJ,SUTHAR,JODerHPUR
1138,MwerNOJ,SUTHAR,JODerHPUR
1139,MwerNOJ,SUTHAR,JODerHPUR
1140,M5NOJ,SUTHAR,JODHPUR
1141,M5NOJ,SUTHAR,JODHPUR
1142,M5NOJ,SUTHAR,JODwereHPUR
1143,M5NOJ,SUTHAR,JODwereHPUR
1144,M5NOJ,SUTHAR,JODwereHPUR
1145,M5NOJ,SUTHAR,JODwereHPUR
1146,M5NOJ,SUTHAR,JODwereHPUR
1147,MANOJ,SUTHAR,JODwereHPUR
1148,MANOJ,SUTHAR,JODwereHPUR
1149,MANOJ,SU5AR,JODHwerePUR
1150,MA345NOJ,SU5AR,JODHwerePUR
1151,MA345NOJ,SU5AR,JODHwerePUR
1152,MA345NOJ,SU5AR,JODHwerePUR
1153,MA345NOJ,SU5AR,JODerPUR
1154,MA345NOJ,SU5AR,JODerPUR
1155,MA345NOJ,SU5AR,JODerPUR
1156,MA345NOJ,SU5AR,JODHPUR
1157,MANOJ,SU5AR,JODHPUR
1158,MANOJ,SUTHAR,JODHPUR
1159,MwerNOJ,SUTHAR,JODHPUR
1160,MwerNOJ,SUTHAR,JODerHPUR
1161,MwerNOJ,SUTHAR,JODerHPUR
1162,MwerNOJ,SUTHAR,JODerHPUR
1163,MwerNOJ,SUTHAR,JODerHPUR
1164,M5NOJ,SUTHAR,JODHPUR
1165,M5NOJ,SUTHAR,JODHPUR
1166,M5NOJ,SUTHAR,JODwereHPUR
1167,M5NOJ,SUTHAR,JODwereHPUR
1168,M5NOJ,SUTHAR,JODwereHPUR
1169,M5NOJ,SUTHAR,JODwereHPUR
1170,M5NOJ,SUTHAR,JODwereHPUR
1171,MANOJ,SUTHAR,JODwereHPUR
1172,MANOJ,SUTHAR,JODwereHPUR
1173,MANOJ,SU5AR,JODHwerePUR
1174,MA345NOJ,SU5AR,JODHwerePUR
1175,MA345NOJ,SU5AR,JODHwerePUR
1176,MA345NOJ,SU5AR,JODHwerePUR
1177,MA345NOJ,SU5AR,JODerPUR
1178,MA345NOJ,SU5AR,JODerPUR
1179,MA345NOJ,SU5AR,JODerPUR
1180,MA345NOJ,SU5AR,JODHPUR
1181,MANOJ,SU5AR,JODHPUR
1182,MANOJ,SUTHAR,JODHPUR
1183,MwerNOJ,SUTHAR,JODHPUR
1184,MwerNOJ,SUTHAR,JODerHPUR
1185,MwerNOJ,SUTHAR,JODerHPUR
1186,MwerNOJ,SUTHAR,JODerHPUR
1187,MwerNOJ,SUTHAR,JODerHPUR
1188,M5NOJ,SUTHAR,JODHPUR
1189,M5NOJ,SUTHAR,JODHPUR
1190,M5NOJ,SUTHAR,JODwereHPUR
1191,M5NOJ,SUTHAR,JODwereHPUR
1192,M5NOJ,SUTHAR,JODwereHPUR
1193,M5NOJ,SUTHAR,JODwereHPUR
1194,M5NOJ,SUTHAR,JODwereHPUR
1195,MANOJ,SUTHAR,JODwereHPUR
1196,MANOJ,SUTHAR,JODwereHPUR
1197,MANOJ,SU5AR,JODHwerePUR
1198,MA345NOJ,SU5AR,JODHwerePUR
1199,MA345NOJ,SU5AR,JODHwerePUR
1200,MA345NOJ,SU5AR,JODHwerePUR
1201,MA345NOJ,SU5AR,JODerPUR
1202,MA345NOJ,SU5AR,JODerPUR
1203,MA345NOJ,SU5AR,JODerPUR
1204,MA345NOJ,SU5AR,JODHPUR
1205,MANOJ,SU5AR,JODHPUR
1206,MANOJ,SUTHAR,JODHPUR
1207,MwerNOJ,SUTHAR,JODHPUR
1208,MwerNOJ,SUTHAR,JODerHPUR
1209,MwerNOJ,SUTHAR,JODerHPUR
1210,MwerNOJ,SUTHAR,JODerHPUR
1211,MwerNOJ,SUTHAR,JODerHPUR
1212,M5NOJ,SUTHAR,JODHPUR
1213,M5NOJ,SUTHAR,JODHPUR
1214,M5NOJ,SUTHAR,JODwereHPUR
1215,M5NOJ,SUTHAR,JODwereHPUR
1216,M5NOJ,SUTHAR,JODwereHPUR
1217,M5NOJ,SUTHAR,JODwereHPUR
1218,M5NOJ,SUTHAR,JODwereHPUR
1219,MANOJ,SUTHAR,JODwereHPUR
1220,MANOJ,SUTHAR,JODwereHPUR
1221,MANOJ,SU5AR,JODHwerePUR
1222,MA345NOJ,SU5AR,JODHwerePUR
1223,MA345NOJ,SU5AR,JODHwerePUR
1224,MA345NOJ,SU5AR,JODHwerePUR
1225,MA345NOJ,SU5AR,JODerPUR
1226,MA345NOJ,SU5AR,JODerPUR
1227,MA345NOJ,SU5AR,JODerPUR
1228,MA345NOJ,SU5AR,JODHPUR
1229,MANOJ,SU5AR,JODHPUR
1230,MANOJ,SUTHAR,JODHPUR
1231,MwerNOJ,SUTHAR,JODHPUR
1232,MwerNOJ,SUTHAR,JODerHPUR
1233,MwerNOJ,SUTHAR,JODerHPUR
1234,MwerNOJ,SUTHAR,JODerHPUR
1235,MwerNOJ,SUTHAR,JODerHPUR
1236,M5NOJ,SUTHAR,JODHPUR
1237,M5NOJ,SUTHAR,JODHPUR
1238,M5NOJ,SUTHAR,JODwereHPUR
1239,M5NOJ,SUTHAR,JODwereHPUR
1240,M5NOJ,SUTHAR,JODwereHPUR
1241,M5NOJ,SUTHAR,JODwereHPUR
1242,M5NOJ,SUTHAR,JODwereHPUR
1243,MANOJ,SUTHAR,JODwereHPUR
1244,MANOJ,SUTHAR,JODwereHPUR
1245,MANOJ,SU5AR,JODHwerePUR
1246,MA345NOJ,SU5AR,JODHwerePUR
1247,MA345NOJ,SU5AR,JODHwerePUR
1248,MA345NOJ,SU5AR,JODHwerePUR
1249,MA345NOJ,SU5AR,JODerPUR
1250,MA345NOJ,SU5AR,JODerPUR
1251,MA345NOJ,SU5AR,JODerPUR
1252,MA345NOJ,SU5AR,JODHPUR
1253,MANOJ,SU5AR,JODHPUR
1254,MANOJ,SUTHAR,JODHPUR
1255,MwerNOJ,SUTHAR,JODHPUR
1256,MwerNOJ,SUTHAR,JODerHPUR
1257,MwerNOJ,SUTHAR,JODerHPUR
1258,MwerNOJ,SUTHAR,JODerHPUR
1259,MwerNOJ,SUTHAR,JODerHPUR
1260,M5NOJ,SUTHAR,JODHPUR
1261,M5NOJ,SUTHAR,JODHPUR
1262,M5NOJ,SUTHAR,JODwereHPUR
1263,M5NOJ,SUTHAR,JODwereHPUR
1264,M5NOJ,SUTHAR,JODwereHPUR
1265,M5NOJ,SUTHAR,JODwereHPUR
1266,M5NOJ,SUTHAR,JODwereHPUR
1267,MANOJ,SUTHAR,JODwereHPUR
1268,MANOJ,SUTHAR,JODwereHPUR
1269,MANOJ,SU5AR,JODHwerePUR
1270,MA345NOJ,SU5AR,JODHwerePUR
1271,MA345NOJ,SU5AR,JODHwerePUR
1272,MA345NOJ,SU5AR,JODHwerePUR
1273,MA345NOJ,SU5AR,JODerPUR
1274,MA345NOJ,SU5AR,JODerPUR
1275,MA345NOJ,SU5AR,JODerPUR
1276,MA345NOJ,SU5AR,JODHPUR
1277,MANOJ,SU5AR,JODHPUR
1278,MANOJ,SUTHAR,JODHPUR
1279,MwerNOJ,SUTHAR,JODHPUR
1280,MwerNOJ,SUTHAR,JODerHPUR
1281,MwerNOJ,SUTHAR,JODerHPUR
1282,MwerNOJ,SUTHAR,JODerHPUR
1283,MwerNOJ,SUTHAR,JODerHPUR
1284,M5NOJ,SUTHAR,JODHPUR
1285,M5NOJ,SUTHAR,JODHPUR
1286,M5NOJ,SUTHAR,JODwereHPUR
1287,M5NOJ,SUTHAR,JODwereHPUR
1288,M5NOJ,SUTHAR,JODwereHPUR
1289,M5NOJ,SUTHAR,JODwereHPUR
1290,M5NOJ,SUTHAR,JODwereHPUR
1291,MANOJ,SUTHAR,JODwereHPUR
1292,MANOJ,SUTHAR,JODwereHPUR
1293,MANOJ,SU5AR,JODHwerePUR
1294,MA345NOJ,SU5AR,JODHwerePUR
1295,MA345NOJ,SU5AR,JODHwerePUR
1296,MA345NOJ,SU5AR,JODHwerePUR
1297,MA345NOJ,SU5AR,JODerPUR
1298,MA345NOJ,SU5AR,JODerPUR
1299,MA345NOJ,SU5AR,JODerPUR
1300,MA345NOJ,SU5AR,JODHPUR
1301,MANOJ,SU5AR,JODHPUR
1302,MANOJ,SUTHAR,JODHPUR
1303,MwerNOJ,SUTHAR,JODHPUR
1304,MwerNOJ,SUTHAR,JODerHPUR
1305,MwerNOJ,SUTHAR,JODerHPUR
1306,MwerNOJ,SUTHAR,JODerHPUR
1307,MwerNOJ,SUTHAR,JODerHPUR
1308,M5NOJ,SUTHAR,JODHPUR
1309,M5NOJ,SUTHAR,JODHPUR
1310,M5NOJ,SUTHAR,JODwereHPUR
1311,M5NOJ,SUTHAR,JODwereHPUR
1312,M5NOJ,SUTHAR,JODwereHPUR
1313,M5NOJ,SUTHAR,JODwereHPUR
1314,M5NOJ,SUTHAR,JODwereHPUR
1315,MANOJ,SUTHAR,JODwereHPUR
1316,MANOJ,SUTHAR,JODwereHPUR
1317,MANOJ,SU5AR,JODHwerePUR
1318,MA345NOJ,SU5AR,JODHwerePUR
1319,MA345NOJ,SU5AR,JODHwerePUR
1320,MA345NOJ,SU5AR,JODHwerePUR
1321,MA345NOJ,SU5AR,JODerPUR
1322,MA345NOJ,SU5AR,JODerPUR
1323,MA345NOJ,SU5AR,JODerPUR
1324,MA345NOJ,SU5AR,JODHPUR
1325,MANOJ,SU5AR,JODHPUR
1326,MANOJ,SUTHAR,JODHPUR
1327,MwerNOJ,SUTHAR,JODHPUR
1328,MwerNOJ,SUTHAR,JODerHPUR
1329,MwerNOJ,SUTHAR,JODerHPUR
1330,MwerNOJ,SUTHAR,JODerHPUR
1331,MwerNOJ,SUTHAR,JODerHPUR
1332,M5NOJ,SUTHAR,JODHPUR
1333,M5NOJ,SUTHAR,JODHPUR
1334,M5NOJ,SUTHAR,JODwereHPUR
1335,M5NOJ,SUTHAR,JODwereHPUR
1336,M5NOJ,SUTHAR,JODwereHPUR
1337,M5NOJ,SUTHAR,JODwereHPUR
1338,M5NOJ,SUTHAR,JODwereHPUR
1339,MANOJ,SUTHAR,JODwereHPUR
1340,MANOJ,SUTHAR,JODwereHPUR
1341,MANOJ,SU5AR,JODHwerePUR
1342,MA345NOJ,SU5AR,JODHwerePUR
1343,MA345NOJ,SU5AR,JODHwerePUR
1344,MA345NOJ,SU5AR,JODHwerePUR
1345,MA345NOJ,SU5AR,JODerPUR
1346,MA345NOJ,SU5AR,JODerPUR
1347,MA345NOJ,SU5AR,JODerPUR
1348,MA345NOJ,SU5AR,JODHPUR
1349,MANOJ,SU5AR,JODHPUR
1350,MANOJ,SUTHAR,JODHPUR
1351,MwerNOJ,SUTHAR,JODHPUR
1352,MwerNOJ,SUTHAR,JODerHPUR
1353,MwerNOJ,SUTHAR,JODerHPUR
1354,MwerNOJ,SUTHAR,JODerHPUR
1355,MwerNOJ,SUTHAR,JODerHPUR
1356,M5NOJ,SUTHAR,JODHPUR
1357,M5NOJ,SUTHAR,JODHPUR
1358,M5NOJ,SUTHAR,JODwereHPUR
1359,M5NOJ,SUTHAR,JODwereHPUR
1360,M5NOJ,SUTHAR,JODwereHPUR
1361,M5NOJ,SUTHAR,JODwereHPUR
1362,M5NOJ,SUTHAR,JODwereHPUR
1363,MANOJ,SUTHAR,JODwereHPUR
1364,MANOJ,SUTHAR,JODwereHPUR
1365,MANOJ,SU5AR,JODHwerePUR
1366,MA345NOJ,SU5AR,JODHwerePUR
1367,MA345NOJ,SU5AR,JODHwerePUR
1368,MA345NOJ,SU5AR,JODHwerePUR
1369,MA345NOJ,SU5AR,JODerPUR
1370,MA345NOJ,SU5AR,JODerPUR
1371,MA345NOJ,SU5AR,JODerPUR
1372,MA345NOJ,SU5AR,JODHPUR
1373,MANOJ,SU5AR,JODHPUR
1374,MANOJ,SUTHAR,JODHPUR
1375,MwerNOJ,SUTHAR,JODHPUR
1376,MwerNOJ,SUTHAR,JODerHPUR
1377,MwerNOJ,SUTHAR,JODerHPUR
1378,MwerNOJ,SUTHAR,JODerHPUR
1379,MwerNOJ,SUTHAR,JODerHPUR
1380,M5NOJ,SUTHAR,JODHPUR
1381,M5NOJ,SUTHAR,JODHPUR
1382,M5NOJ,SUTHAR,JODwereHPUR
1383,M5NOJ,SUTHAR,JODwereHPUR
1384,M5NOJ,SUTHAR,JODwereHPUR
1385,M5NOJ,SUTHAR,JODwereHPUR
1386,M5NOJ,SUTHAR,JODwereHPUR
1387,MANOJ,SUTHAR,JODwereHPUR
1388,MANOJ,SUTHAR,JODwereHPUR
1389,MANOJ,SU5AR,JODHwerePUR
1390,MA345NOJ,SU5AR,JODHwerePUR
1391,MA345NOJ,SU5AR,JODHwerePUR
1392,MA345NOJ,SU5AR,JODHwerePUR
1393,MA345NOJ,SU5AR,JODerPUR
1394,MA345NOJ,SU5AR,JODerPUR
1395,MA345NOJ,SU5AR,JODerPUR
1396,MA345NOJ,SU5AR,JODHPUR
1397,MANOJ,SU5AR,JODHPUR
1398,MANOJ,SUTHAR,JODHPUR
1399,MwerNOJ,SUTHAR,JODHPUR
1400,MwerNOJ,SUTHAR,JODerHPUR
1401,MwerNOJ,SUTHAR,JODerHPUR
1402,MwerNOJ,SUTHAR,JODerHPUR
1403,MwerNOJ,SUTHAR,JODerHPUR
1404,M5NOJ,SUTHAR,JODHPUR
1405,M5NOJ,SUTHAR,JODHPUR
1406,M5NOJ,SUTHAR,JODwereHPUR
1407,M5NOJ,SUTHAR,JODwereHPUR
1408,M5NOJ,SUTHAR,JODwereHPUR
1409,M5NOJ,SUTHAR,JODwereHPUR
1410,M5NOJ,SUTHAR,JODwereHPUR
1411,MANOJ,SUTHAR,JODwereHPUR
1412,MANOJ,SUTHAR,JODwereHPUR
1413,MANOJ,SU5AR,JODHwerePUR
1414,MA345NOJ,SU5AR,JODHwerePUR
1415,MA345NOJ,SU5AR,JODHwerePUR
1416,MA345NOJ,SU5AR,JODHwerePUR
1417,MA345NOJ,SU5AR,JODerPUR
1418,MA345NOJ,SU5AR,JODerPUR
1419,MA345NOJ,SU5AR,JODerPUR
1420,MA345NOJ,SU5AR,JODHPUR
1421,MANOJ,SU5AR,JODHPUR
1422,MANOJ,SUTHAR,JODHPUR
1423,MwerNOJ,SUTHAR,JODHPUR
1424,MwerNOJ,SUTHAR,JODerHPUR
1425,MwerNOJ,SUTHAR,JODerHPUR
1426,MwerNOJ,SUTHAR,JODerHPUR
1427,MwerNOJ,SUTHAR,JODerHPUR
1428,M5NOJ,SUTHAR,JODHPUR
1429,M5NOJ,SUTHAR,JODHPUR
1430,M5NOJ,SUTHAR,JODwereHPUR
1431,M5NOJ,SUTHAR,JODwereHPUR
1432,M5NOJ,SUTHAR,JODwereHPUR
1433,M5NOJ,SUTHAR,JODwereHPUR
1434,M5NOJ,SUTHAR,JODwereHPUR
1435,MANOJ,SUTHAR,JODwereHPUR
1436,MANOJ,SUTHAR,JODwereHPUR
1437,MANOJ,SU5AR,JODHwerePUR
1438,MA345NOJ,SU5AR,JODHwerePUR
1439,MA345NOJ,SU5AR,JODHwerePUR
1440,MA345NOJ,SU5AR,JODHwerePUR
1441,MA345NOJ,SU5AR,JODerPUR
1442,MA345NOJ,SU5AR,JODerPUR
1443,MA345NOJ,SU5AR,JODerPUR
1444,MA345NOJ,SU5AR,JODHPUR
1445,MANOJ,SU5AR,JODHPUR
1446,MANOJ,SUTHAR,JODHPUR
1447,MwerNOJ,SUTHAR,JODHPUR
1448,MwerNOJ,SUTHAR,JODerHPUR
1449,MwerNOJ,SUTHAR,JODerHPUR
1450,MwerNOJ,SUTHAR,JODerHPUR
1451,MwerNOJ,SUTHAR,JODerHPUR
1452,M5NOJ,SUTHAR,JODHPUR
1453,M5NOJ,SUTHAR,JODHPUR
1454,M5NOJ,SUTHAR,JODwereHPUR
1455,M5NOJ,SUTHAR,JODwereHPUR
1456,M5NOJ,SUTHAR,JODwereHPUR
1457,M5NOJ,SUTHAR,JODwereHPUR
1458,M5NOJ,SUTHAR,JODwereHPUR
1459,MANOJ,SUTHAR,JODwereHPUR
1460,MANOJ,SUTHAR,JODwereHPUR
1461,MANOJ,SU5AR,JODHwerePUR
1462,MA345NOJ,SU5AR,JODHwerePUR
1463,MA345NOJ,SU5AR,JODHwerePUR
1464,MA345NOJ,SU5AR,JODHwerePUR
1465,MA345NOJ,SU5AR,JODerPUR
1466,MA345NOJ,SU5AR,JODerPUR
1467,MA345NOJ,SU5AR,JODerPUR
1468,MA345NOJ,SU5AR,JODHPUR
1469,MANOJ,SU5AR,JODHPUR
1470,MANOJ,SUTHAR,JODHPUR
1471,MwerNOJ,SUTHAR,JODHPUR
1472,MwerNOJ,SUTHAR,JODerHPUR
1473,MwerNOJ,SUTHAR,JODerHPUR
1474,MwerNOJ,SUTHAR,JODerHPUR
1475,MwerNOJ,SUTHAR,JODerHPUR
1476,M5NOJ,SUTHAR,JODHPUR
1477,M5NOJ,SUTHAR,JODHPUR
1478,M5NOJ,SUTHAR,JODwereHPUR
1479,M5NOJ,SUTHAR,JODwereHPUR
1480,M5NOJ,SUTHAR,JODwereHPUR
1481,M5NOJ,SUTHAR,JODwereHPUR
1482,M5NOJ,SUTHAR,JODwereHPUR
1483,MANOJ,SUTHAR,JODwereHPUR
1484,MANOJ,SUTHAR,JODwereHPUR
1485,MANOJ,SU5AR,JODHwerePUR
1486,MA345NOJ,SU5AR,JODHwerePUR
1487,MA345NOJ,SU5AR,JODHwerePUR
1488,MA345NOJ,SU5AR,JODHwerePUR
1489,MA345NOJ,SU5AR,JODerPUR
1490,MA345NOJ,SU5AR,JODerPUR
1491,MA345NOJ,SU5AR,JODerPUR
1492,MA345NOJ,SU5AR,JODHPUR
1493,MANOJ,SU5AR,JODHPUR
1494,MANOJ,SUTHAR,JODHPUR
1495,MwerNOJ,SUTHAR,JODHPUR
1496,MwerNOJ,SUTHAR,JODerHPUR
1497,MwerNOJ,SUTHAR,JODerHPUR
1498,MwerNOJ,SUTHAR,JODerHPUR
1499,MwerNOJ,SUTHAR,JODerHPUR
1500,M5NOJ,SUTHAR,JODHPUR
1501,M5NOJ,SUTHAR,JODHPUR
1502,M5NOJ,SUTHAR,JODwereHPUR
1503,M5NOJ,SUTHAR,JODwereHPUR
1504,M5NOJ,SUTHAR,JODwereHPUR
1505,M5NOJ,SUTHAR,JODwereHPUR
1506,M5NOJ,SUTHAR,JODwereHPUR
1507,MANOJ,SUTHAR,JODwereHPUR
1508,MANOJ,SUTHAR,JODwereHPUR
1509,MANOJ,SU5AR,JODHwerePUR
1510,MA345NOJ,SU5AR,JODHwerePUR
1511,MA345NOJ,SU5AR,JODHwerePUR
1512,MA345NOJ,SU5AR,JODHwerePUR
1513,MA345NOJ,SU5AR,JODerPUR
1514,MA345NOJ,SU5AR,JODerPUR
1515,MA345NOJ,SU5AR,JODerPUR
1516,MA345NOJ,SU5AR,JODHPUR
1517,MANOJ,SU5AR,JODHPUR
1518,MANOJ,SUTHAR,JODHPUR
1519,MwerNOJ,SUTHAR,JODHPUR
1520,MwerNOJ,SUTHAR,JODerHPUR
1521,MwerNOJ,SUTHAR,JODerHPUR
1522,MwerNOJ,SUTHAR,JODerHPUR
1523,MwerNOJ,SUTHAR,JODerHPUR
1524,M5NOJ,SUTHAR,JODHPUR
1525,M5NOJ,SUTHAR,JODHPUR
1526,M5NOJ,SUTHAR,JODwereHPUR
1527,M5NOJ,SUTHAR,JODwereHPUR
1528,M5NOJ,SUTHAR,JODwereHPUR
1529,M5NOJ,SUTHAR,JODwereHPUR
1530,M5NOJ,SUTHAR,JODwereHPUR
1531,MANOJ,SUTHAR,JODwereHPUR
1532,MANOJ,SUTHAR,JODwereHPUR
1533,MANOJ,SU5AR,JODHwerePUR
1534,MA345NOJ,SU5AR,JODHwerePUR
1535,MA345NOJ,SU5AR,JODHwerePUR
1536,MA345NOJ,SU5AR,JODHwerePUR
1537,MA345NOJ,SU5AR,JODerPUR
1538,MA345NOJ,SU5AR,JODerPUR
1539,MA345NOJ,SU5AR,JODerPUR
1540,MA345NOJ,SU5AR,JODHPUR
1541,MANOJ,SU5AR,JODHPUR
1542,MANOJ,SUTHAR,JODHPUR
1543,MwerNOJ,SUTHAR,JODHPUR
1544,MwerNOJ,SUTHAR,JODerHPUR
1545,MwerNOJ,SUTHAR,JODerHPUR
1546,MwerNOJ,SUTHAR,JODerHPUR
1547,MwerNOJ,SUTHAR,JODerHPUR
1548,M5NOJ,SUTHAR,JODHPUR
1549,M5NOJ,SUTHAR,JODHPUR
1550,M5NOJ,SUTHAR,JODwereHPUR
1551,M5NOJ,SUTHAR,JODwereHPUR
1552,M5NOJ,SUTHAR,JODwereHPUR
1553,M5NOJ,SUTHAR,JODwereHPUR
1554,M5NOJ,SUTHAR,JODwereHPUR
1555,MANOJ,SUTHAR,JODwereHPUR
1556,MANOJ,SUTHAR,JODwereHPUR
1557,MANOJ,SU5AR,JODHwerePUR
1558,MA345NOJ,SU5AR,JODHwerePUR
1559,MA345NOJ,SU5AR,JODHwerePUR
1560,MA345NOJ,SU5AR,JODHwerePUR
1561,MA345NOJ,SU5AR,JODerPUR
1562,MA345NOJ,SU5AR,JODerPUR
1563,MA345NOJ,SU5AR,JODerPUR
1564,MA345NOJ,SU5AR,JODHPUR
1565,MANOJ,SU5AR,JODHPUR
1566,MANOJ,SUTHAR,JODHPUR
1567,MwerNOJ,SUTHAR,JODHPUR
1568,MwerNOJ,SUTHAR,JODerHPUR
1569,MwerNOJ,SUTHAR,JODerHPUR
1570,MwerNOJ,SUTHAR,JODerHPUR
1571,MwerNOJ,SUTHAR,JODerHPUR
1572,M5NOJ,SUTHAR,JODHPUR
1573,M5NOJ,SUTHAR,JODHPUR
1574,M5NOJ,SUTHAR,JODwereHPUR
1575,M5NOJ,SUTHAR,JODwereHPUR
1576,M5NOJ,SUTHAR,JODwereHPUR
1577,M5NOJ,SUTHAR,JODwereHPUR
1578,M5NOJ,SUTHAR,JODwereHPUR
1579,MANOJ,SUTHAR,JODwereHPUR
1580,MANOJ,SUTHAR,JODwereHPUR
1581,MANOJ,SU5AR,JODHwerePUR
1582,MA345NOJ,SU5AR,JODHwerePUR
1583,MA345NOJ,SU5AR,JODHwerePUR
1584,MA345NOJ,SU5AR,JODHwerePUR
1585,MA345NOJ,SU5AR,JODerPUR
1586,MA345NOJ,SU5AR,JODerPUR
1587,MA345NOJ,SU5AR,JODerPUR
1588,MA345NOJ,SU5AR,JODHPUR
1589,MANOJ,SU5AR,JODHPUR
1590,MANOJ,SUTHAR,JODHPUR
1591,MwerNOJ,SUTHAR,JODHPUR
1592,MwerNOJ,SUTHAR,JODerHPUR
1593,MwerNOJ,SUTHAR,JODerHPUR
1594,MwerNOJ,SUTHAR,JODerHPUR
1595,MwerNOJ,SUTHAR,JODerHPUR
1596,M5NOJ,SUTHAR,JODHPUR
1597,M5NOJ,SUTHAR,JODHPUR
1598,M5NOJ,SUTHAR,JODwereHPUR
1599,M5NOJ,SUTHAR,JODwereHPUR
1600,M5NOJ,SUTHAR,JODwereHPUR
1601,M5NOJ,SUTHAR,JODwereHPUR
1602,M5NOJ,SUTHAR,JODwereHPUR
1603,MANOJ,SUTHAR,JODwereHPUR
1604,MANOJ,SUTHAR,JODwereHPUR
1605,MANOJ,SU5AR,JODHwerePUR
1606,MA345NOJ,SU5AR,JODHwerePUR
1607,MA345NOJ,SU5AR,JODHwerePUR
1608,MA345NOJ,SU5AR,JODHwerePUR
1609,MA345NOJ,SU5AR,JODerPUR
1610,MA345NOJ,SU5AR,JODerPUR
1611,MA345NOJ,SU5AR,JODerPUR
1612,MA345NOJ,SU5AR,JODHPUR
1613,MANOJ,SU5AR,JODHPUR
1614,MANOJ,SUTHAR,JODHPUR
1615,MwerNOJ,SUTHAR,JODHPUR
1616,MwerNOJ,SUTHAR,JODerHPUR
1617,MwerNOJ,SUTHAR,JODerHPUR
1618,MwerNOJ,SUTHAR,JODerHPUR
1619,MwerNOJ,SUTHAR,JODerHPUR
1620,M5NOJ,SUTHAR,JODHPUR
1621,M5NOJ,SUTHAR,JODHPUR
1622,M5NOJ,SUTHAR,JODwereHPUR
1623,M5NOJ,SUTHAR,JODwereHPUR
1624,M5NOJ,SUTHAR,JODwereHPUR
1625,M5NOJ,SUTHAR,JODwereHPUR
1626,M5NOJ,SUTHAR,JODwereHPUR
1627,MANOJ,SUTHAR,JODwereHPUR
1628,MANOJ,SUTHAR,JODwereHPUR
1629,MANOJ,SU5AR,JODHwerePUR
1630,MA345NOJ,SU5AR,JODHwerePUR
1631,MA345NOJ,SU5AR,JODHwerePUR
1632,MA345NOJ,SU5AR,JODHwerePUR
1633,MA345NOJ,SU5AR,JODerPUR
1634,MA345NOJ,SU5AR,JODerPUR
1635,MA345NOJ,SU5AR,JODerPUR
1636,MA345NOJ,SU5AR,JODHPUR
1637,MANOJ,SU5AR,JODHPUR
1638,MANOJ,SUTHAR,JODHPUR
1639,MwerNOJ,SUTHAR,JODHPUR
1640,MwerNOJ,SUTHAR,JODerHPUR
1641,MwerNOJ,SUTHAR,JODerHPUR
1642,MwerNOJ,SUTHAR,JODerHPUR
1643,MwerNOJ,SUTHAR,JODerHPUR
1644,M5NOJ,SUTHAR,JODHPUR
1645,M5NOJ,SUTHAR,JODHPUR
1646,M5NOJ,SUTHAR,JODwereHPUR
1647,M5NOJ,SUTHAR,JODwereHPUR
1648,M5NOJ,SUTHAR,JODwereHPUR
1649,M5NOJ,SUTHAR,JODwereHPUR
1650,M5NOJ,SUTHAR,JODwereHPUR
1651,MANOJ,SUTHAR,JODwereHPUR
1652,MANOJ,SUTHAR,JODwereHPUR
1653,MANOJ,SU5AR,JODHwerePUR
1654,MA345NOJ,SU5AR,JODHwerePUR
1655,MA345NOJ,SU5AR,JODHwerePUR
1656,MA345NOJ,SU5AR,JODHwerePUR
1657,MA345NOJ,SU5AR,JODerPUR
1658,MA345NOJ,SU5AR,JODerPUR
1659,MA345NOJ,SU5AR,JODerPUR
1660,MA345NOJ,SU5AR,JODHPUR
1661,MANOJ,SU5AR,JODHPUR
1662,MANOJ,SUTHAR,JODHPUR
1663,MwerNOJ,SUTHAR,JODHPUR
1664,MwerNOJ,SUTHAR,JODerHPUR
1665,MwerNOJ,SUTHAR,JODerHPUR
1666,MwerNOJ,SUTHAR,JODerHPUR
1667,MwerNOJ,SUTHAR,JODerHPUR
1668,M5NOJ,SUTHAR,JODHPUR
1669,M5NOJ,SUTHAR,JODHPUR
1670,M5NOJ,SUTHAR,JODwereHPUR
1671,M5NOJ,SUTHAR,JODwereHPUR
1672,M5NOJ,SUTHAR,JODwereHPUR
1673,M5NOJ,SUTHAR,JODwereHPUR
1674,M5NOJ,SUTHAR,JODwereHPUR
1675,MANOJ,SUTHAR,JODwereHPUR
1676,MANOJ,SUTHAR,JODwereHPUR
1677,MANOJ,SU5AR,JODHwerePUR
1678,MA345NOJ,SU5AR,JODHwerePUR
1679,MA345NOJ,SU5AR,JODHwerePUR
1680,MA345NOJ,SU5AR,JODHwerePUR
1681,MA345NOJ,SU5AR,JODerPUR
1682,MA345NOJ,SU5AR,JODerPUR
1683,MA345NOJ,SU5AR,JODerPUR
1684,MA345NOJ,SU5AR,JODHPUR
1685,MANOJ,SU5AR,JODHPUR
1686,MANOJ,SUTHAR,JODHPUR
1687,MwerNOJ,SUTHAR,JODHPUR
1688,MwerNOJ,SUTHAR,JODerHPUR
1689,MwerNOJ,SUTHAR,JODerHPUR
1690,MwerNOJ,SUTHAR,JODerHPUR
1691,MwerNOJ,SUTHAR,JODerHPUR
1692,M5NOJ,SUTHAR,JODHPUR
1693,M5NOJ,SUTHAR,JODHPUR
1694,M5NOJ,SUTHAR,JODwereHPUR
1695,M5NOJ,SUTHAR,JODwereHPUR
1696,M5NOJ,SUTHAR,JODwereHPUR
1697,M5NOJ,SUTHAR,JODwereHPUR
1698,M5NOJ,SUTHAR,JODwereHPUR
1699,MANOJ,SUTHAR,JODwereHPUR
1700,MANOJ,SUTHAR,JODwereHPUR
1701,MANOJ,SU5AR,JODHwerePUR
1702,MA345NOJ,SU5AR,JODHwerePUR
1703,MA345NOJ,SU5AR,JODHwerePUR
1704,MA345NOJ,SU5AR,JODHwerePUR
1705,MA345NOJ,SU5AR,JODerPUR
1706,MA345NOJ,SU5AR,JODerPUR
1707,MA345NOJ,SU5AR,JODerPUR
1708,MA345NOJ,SU5AR,JODHPUR
1709,MANOJ,SU5AR,JODHPUR
1,MANOJ,SUTHAR,JODHPUR
2,MwerNOJ,SUTHAR,JODHPUR
3,MwerNOJ,SUTHAR,JODerHPUR
4,MwerNOJ,SUTHAR,JODerHPUR
5,MwerNOJ,SUTHAR,JODerHPUR
6,MwerNOJ,SUTHAR,JODerHPUR
7,M5NOJ,SUTHAR,JODHPUR
8,M5NOJ,SUTHAR,JODHPUR
9,M5NOJ,SUTHAR,JODwereHPUR
10,M5NOJ,SUTHAR,JODwereHPUR
11,M5NOJ,SUTHAR,JODwereHPUR
12,M5NOJ,SUTHAR,JODwereHPUR
13,M5NOJ,SUTHAR,JODwereHPUR
14,MANOJ,SUTHAR,JODwereHPUR
15,MANOJ,SUTHAR,JODwereHPUR
16,MANOJ,SU5AR,JODHwerePUR
17,MA345NOJ,SU5AR,JODHwerePUR
18,MA345NOJ,SU5AR,JODHwerePUR
19,MA345NOJ,SU5AR,JODHwerePUR
20,MA345NOJ,SU5AR,JODerPUR
21,MA345NOJ,SU5AR,JODerPUR
22,MA345NOJ,SU5AR,JODerPUR
23,MA345NOJ,SU5AR,JODHPUR
24,MANOJ,SU5AR,JODHPUR
1,MANOJ,SUTHAR,JODHPUR
2,MwerNOJ,SUTHAR,JODHPUR
3,MwerNOJ,SUTHAR,JODerHPUR
4,MwerNOJ,SUTHAR,JODerHPUR
5,MwerNOJ,SUTHAR,JODerHPUR
6,MwerNOJ,SUTHAR,JODerHPUR
7,M5NOJ,SUTHAR,JODHPUR
8,M5NOJ,SUTHAR,JODHPUR
9,M5NOJ,SUTHAR,JODwereHPUR
10,M5NOJ,SUTHAR,JODwereHPUR
11,M5NOJ,SUTHAR,JODwereHPUR
12,M5NOJ,SUTHAR,JODwereHPUR
13,M5NOJ,SUTHAR,JODwereHPUR
14,MANOJ,SUTHAR,JODwereHPUR
15,MANOJ,SUTHAR,JODwereHPUR
16,MANOJ,SU5AR,JODHwerePUR
17,MA345NOJ,SU5AR,JODHwerePUR
18,MA345NOJ,SU5AR,JODHwerePUR
19,MA345NOJ,SU5AR,JODHwerePUR
20,MA345NOJ,SU5AR,JODerPUR
21,MA345NOJ,SU5AR,JODerPUR
22,MA345NOJ,SU5AR,JODerPUR
23,MA345NOJ,SU5AR,JODHPUR
24,MANOJ,SU5AR,JODHPUR
1,MANOJ,SUTHAR,JODHPUR
2,RAHUL,SUTHAR,JODHPUR
3,SANJAY,SUTHAR,JODHPUR
4,JACK,RIDER,JODHPUR
5,SIMY,YEM,JODHPUR
6,MANOJ,SUTHAR,JODHPUR
7,MwerNOJ,SUTHAR,JODHPUR
8,MwerNOJ,SUTHAR,JODerHPUR
9,MwerNOJ,SUTHAR,JODerHPUR
10,MwerNOJ,SUTHAR,JODerHPUR
11,MwerNOJ,SUTHAR,JODerHPUR
12,M5NOJ,SUTHAR,JODHPUR
13,M5NOJ,SUTHAR,JODHPUR
14,M5NOJ,SUTHAR,JODwereHPUR
15,M5NOJ,SUTHAR,JODwereHPUR
16,M5NOJ,SUTHAR,JODwereHPUR
17,M5NOJ,SUTHAR,JODwereHPUR
18,M5NOJ,SUTHAR,JODwereHPUR
19,MANOJ,SUTHAR,JODwereHPUR
20,MANOJ,SUTHAR,JODwereHPUR
21,MANOJ,SU5AR,JODHwerePUR
22,MA345NOJ,SU5AR,JODHwerePUR
23,MA345NOJ,SU5AR,JODHwerePUR
24,MA345NOJ,SU5AR,JODHwerePUR
25,MA345NOJ,SU5AR,JODerPUR
26,MA345NOJ,SU5AR,JODerPUR
27,MA345NOJ,SU5AR,JODerPUR
28,MA345NOJ,SU5AR,JODHPUR
29,MANOJ,SU5AR,JODHPUR
30,MANOJ,SUTHAR,JODHPUR
31,MwerNOJ,SUTHAR,JODHPUR
32,MwerNOJ,SUTHAR,JODerHPUR
33,MwerNOJ,SUTHAR,JODerHPUR
34,MwerNOJ,SUTHAR,JODerHPUR
35,MwerNOJ,SUTHAR,JODerHPUR
36,M5NOJ,SUTHAR,JODHPUR
37,M5NOJ,SUTHAR,JODHPUR
38,M5NOJ,SUTHAR,JODwereHPUR
39,M5NOJ,SUTHAR,JODwereHPUR
40,M5NOJ,SUTHAR,JODwereHPUR
41,M5NOJ,SUTHAR,JODwereHPUR
42,M5NOJ,SUTHAR,JODwereHPUR
43,MANOJ,SUTHAR,JODwereHPUR
44,MANOJ,SUTHAR,JODwereHPUR
45,MANOJ,SU5AR,JODHwerePUR
46,MA345NOJ,SU5AR,JODHwerePUR
47,MA345NOJ,SU5AR,JODHwerePUR
48,MA345NOJ,SU5AR,JODHwerePUR
49,MA345NOJ,SU5AR,JODerPUR
50,MA345NOJ,SU5AR,JODerPUR
51,MA345NOJ,SU5AR,JODerPUR
52,MA345NOJ,SU5AR,JODHPUR
53,MANOJ,SU5AR,JODHPUR
54,MANOJ,SUTHAR,JODHPUR
55,MwerNOJ,SUTHAR,JODHPUR
56,MwerNOJ,SUTHAR,JODerHPUR
57,MwerNOJ,SUTHAR,JODerHPUR
58,MwerNOJ,SUTHAR,JODerHPUR
59,MwerNOJ,SUTHAR,JODerHPUR
60,M5NOJ,SUTHAR,JODHPUR
61,M5NOJ,SUTHAR,JODHPUR
62,M5NOJ,SUTHAR,JODwereHPUR
63,M5NOJ,SUTHAR,JODwereHPUR
64,M5NOJ,SUTHAR,JODwereHPUR
65,M5NOJ,SUTHAR,JODwereHPUR
66,M5NOJ,SUTHAR,JODwereHPUR
67,MANOJ,SUTHAR,JODwereHPUR
68,MANOJ,SUTHAR,JODwereHPUR
69,MANOJ,SU5AR,JODHwerePUR
70,MA345NOJ,SU5AR,JODHwerePUR
71,MA345NOJ,SU5AR,JODHwerePUR
72,MA345NOJ,SU5AR,JODHwerePUR
73,MA345NOJ,SU5AR,JODerPUR
74,MA345NOJ,SU5AR,JODerPUR
75,MA345NOJ,SU5AR,JODerPUR
76,MA345NOJ,SU5AR,JODHPUR
77,MANOJ,SU5AR,JODHPUR
78,MANOJ,SUTHAR,JODHPUR
79,MwerNOJ,SUTHAR,JODHPUR
80,MwerNOJ,SUTHAR,JODerHPUR
81,MwerNOJ,SUTHAR,JODerHPUR
82,MwerNOJ,SUTHAR,JODerHPUR
83,MwerNOJ,SUTHAR,JODerHPUR
84,M5NOJ,SUTHAR,JODHPUR
85,M5NOJ,SUTHAR,JODHPUR
86,M5NOJ,SUTHAR,JODwereHPUR
87,M5NOJ,SUTHAR,JODwereHPUR
88,M5NOJ,SUTHAR,JODwereHPUR
89,M5NOJ,SUTHAR,JODwereHPUR
90,M5NOJ,SUTHAR,JODwereHPUR
91,MANOJ,SUTHAR,JODwereHPUR
92,MANOJ,SUTHAR,JODwereHPUR
93,MANOJ,SU5AR,JODHwerePUR
94,MA345NOJ,SU5AR,JODHwerePUR
95,MA345NOJ,SU5AR,JODHwerePUR
96,MA345NOJ,SU5AR,JODHwerePUR
97,MA345NOJ,SU5AR,JODerPUR
98,MA345NOJ,SU5AR,JODerPUR
99,MA345NOJ,SU5AR,JODerPUR
100,MA345NOJ,SU5AR,JODHPUR
101,MANOJ,SU5AR,JODHPUR
102,MANOJ,SUTHAR,JODHPUR
103,MwerNOJ,SUTHAR,JODHPUR
104,MwerNOJ,SUTHAR,JODerHPUR
105,MwerNOJ,SUTHAR,JODerHPUR
106,MwerNOJ,SUTHAR,JODerHPUR
107,MwerNOJ,SUTHAR,JODerHPUR
108,M5NOJ,SUTHAR,JODHPUR
109,M5NOJ,SUTHAR,JODHPUR
110,M5NOJ,SUTHAR,JODwereHPUR
111,M5NOJ,SUTHAR,JODwereHPUR
112,M5NOJ,SUTHAR,JODwereHPUR
113,M5NOJ,SUTHAR,JODwereHPUR
114,M5NOJ,SUTHAR,JODwereHPUR
115,MANOJ,SUTHAR,JODwereHPUR
116,MANOJ,SUTHAR,JODwereHPUR
117,MANOJ,SU5AR,JODHwerePUR
118,MA345NOJ,SU5AR,JODHwerePUR
119,MA345NOJ,SU5AR,JODHwerePUR
120,MA345NOJ,SU5AR,JODHwerePUR
121,MA345NOJ,SU5AR,JODerPUR
122,MA345NOJ,SU5AR,JODerPUR
123,MA345NOJ,SU5AR,JODerPUR
124,MA345NOJ,SU5AR,JODHPUR
125,MANOJ,SU5AR,JODHPUR
126,MANOJ,SUTHAR,JODHPUR
127,MwerNOJ,SUTHAR,JODHPUR
128,MwerNOJ,SUTHAR,JODerHPUR
129,MwerNOJ,SUTHAR,JODerHPUR
130,MwerNOJ,SUTHAR,JODerHPUR
131,MwerNOJ,SUTHAR,JODerHPUR
132,M5NOJ,SUTHAR,JODHPUR
133,M5NOJ,SUTHAR,JODHPUR
134,M5NOJ,SUTHAR,JODwereHPUR
135,M5NOJ,SUTHAR,JODwereHPUR
136,M5NOJ,SUTHAR,JODwereHPUR
137,M5NOJ,SUTHAR,JODwereHPUR
138,M5NOJ,SUTHAR,JODwereHPUR
139,MANOJ,SUTHAR,JODwereHPUR
140,MANOJ,SUTHAR,JODwereHPUR
141,MANOJ,SU5AR,JODHwerePUR
142,MA345NOJ,SU5AR,JODHwerePUR
143,MA345NOJ,SU5AR,JODHwerePUR
144,MA345NOJ,SU5AR,JODHwerePUR
145,MA345NOJ,SU5AR,JODerPUR
146,MA345NOJ,SU5AR,JODerPUR
147,MA345NOJ,SU5AR,JODerPUR
148,MA345NOJ,SU5AR,JODHPUR
149,MANOJ,SU5AR,JODHPUR
150,MANOJ,SUTHAR,JODHPUR
151,MwerNOJ,SUTHAR,JODHPUR
152,MwerNOJ,SUTHAR,JODerHPUR
153,MwerNOJ,SUTHAR,JODerHPUR
154,MwerNOJ,SUTHAR,JODerHPUR
155,MwerNOJ,SUTHAR,JODerHPUR
156,M5NOJ,SUTHAR,JODHPUR
157,M5NOJ,SUTHAR,JODHPUR
158,M5NOJ,SUTHAR,JODwereHPUR
159,M5NOJ,SUTHAR,JODwereHPUR
160,M5NOJ,SUTHAR,JODwereHPUR
161,M5NOJ,SUTHAR,JODwereHPUR
162,M5NOJ,SUTHAR,JODwereHPUR
163,MANOJ,SUTHAR,JODwereHPUR
164,MANOJ,SUTHAR,JODwereHPUR
165,MANOJ,SU5AR,JODHwerePUR
166,MA345NOJ,SU5AR,JODHwerePUR
167,MA345NOJ,SU5AR,JODHwerePUR
168,MA345NOJ,SU5AR,JODHwerePUR
169,MA345NOJ,SU5AR,JODerPUR
170,MA345NOJ,SU5AR,JODerPUR
171,MA345NOJ,SU5AR,JODerPUR
172,MA345NOJ,SU5AR,JODHPUR
173,MANOJ,SU5AR,JODHPUR
174,MANOJ,SUTHAR,JODHPUR
175,MwerNOJ,SUTHAR,JODHPUR
176,MwerNOJ,SUTHAR,JODerHPUR
177,MwerNOJ,SUTHAR,JODerHPUR
178,MwerNOJ,SUTHAR,JODerHPUR
179,MwerNOJ,SUTHAR,JODerHPUR
180,M5NOJ,SUTHAR,JODHPUR
181,M5NOJ,SUTHAR,JODHPUR
182,M5NOJ,SUTHAR,JODwereHPUR
183,M5NOJ,SUTHAR,JODwereHPUR
184,M5NOJ,SUTHAR,JODwereHPUR
185,M5NOJ,SUTHAR,JODwereHPUR
186,M5NOJ,SUTHAR,JODwereHPUR
187,MANOJ,SUTHAR,JODwereHPUR
188,MANOJ,SUTHAR,JODwereHPUR
189,MANOJ,SU5AR,JODHwerePUR
190,MA345NOJ,SU5AR,JODHwerePUR
191,MA345NOJ,SU5AR,JODHwerePUR
192,MA345NOJ,SU5AR,JODHwerePUR
193,MA345NOJ,SU5AR,JODerPUR
194,MA345NOJ,SU5AR,JODerPUR
195,MA345NOJ,SU5AR,JODerPUR
196,MA345NOJ,SU5AR,JODHPUR
197,MANOJ,SU5AR,JODHPUR
198,MANOJ,SUTHAR,JODHPUR
199,MwerNOJ,SUTHAR,JODHPUR
200,MwerNOJ,SUTHAR,JODerHPUR
201,MwerNOJ,SUTHAR,JODerHPUR
202,MwerNOJ,SUTHAR,JODerHPUR
203,MwerNOJ,SUTHAR,JODerHPUR
204,M5NOJ,SUTHAR,JODHPUR
205,M5NOJ,SUTHAR,JODHPUR
206,M5NOJ,SUTHAR,JODwereHPUR
207,M5NOJ,SUTHAR,JODwereHPUR
208,M5NOJ,SUTHAR,JODwereHPUR
209,M5NOJ,SUTHAR,JODwereHPUR
210,M5NOJ,SUTHAR,JODwereHPUR
211,MANOJ,SUTHAR,JODwereHPUR
212,MANOJ,SUTHAR,JODwereHPUR
213,MANOJ,SU5AR,JODHwerePUR
214,MA345NOJ,SU5AR,JODHwerePUR
215,MA345NOJ,SU5AR,JODHwerePUR
216,MA345NOJ,SU5AR,JODHwerePUR
217,MA345NOJ,SU5AR,JODerPUR
218,MA345NOJ,SU5AR,JODerPUR
219,MA345NOJ,SU5AR,JODerPUR
220,MA345NOJ,SU5AR,JODHPUR
221,MANOJ,SU5AR,JODHPUR
222,MANOJ,SUTHAR,JODHPUR
223,MwerNOJ,SUTHAR,JODHPUR
224,MwerNOJ,SUTHAR,JODerHPUR
225,MwerNOJ,SUTHAR,JODerHPUR
226,MwerNOJ,SUTHAR,JODerHPUR
227,MwerNOJ,SUTHAR,JODerHPUR
228,M5NOJ,SUTHAR,JODHPUR
229,M5NOJ,SUTHAR,JODHPUR
230,M5NOJ,SUTHAR,JODwereHPUR
231,M5NOJ,SUTHAR,JODwereHPUR
232,M5NOJ,SUTHAR,JODwereHPUR
233,M5NOJ,SUTHAR,JODwereHPUR
234,M5NOJ,SUTHAR,JODwereHPUR
235,MANOJ,SUTHAR,JODwereHPUR
236,MANOJ,SUTHAR,JODwereHPUR
237,MANOJ,SU5AR,JODHwerePUR
238,MA345NOJ,SU5AR,JODHwerePUR
239,MA345NOJ,SU5AR,JODHwerePUR
240,MA345NOJ,SU5AR,JODHwerePUR
241,MA345NOJ,SU5AR,JODerPUR
242,MA345NOJ,SU5AR,JODerPUR
243,MA345NOJ,SU5AR,JODerPUR
244,MA345NOJ,SU5AR,JODHPUR
245,MANOJ,SU5AR,JODHPUR
246,MANOJ,SUTHAR,JODHPUR
247,MwerNOJ,SUTHAR,JODHPUR
248,MwerNOJ,SUTHAR,JODerHPUR
249,MwerNOJ,SUTHAR,JODerHPUR
250,MwerNOJ,SUTHAR,JODerHPUR
251,MwerNOJ,SUTHAR,JODerHPUR
252,M5NOJ,SUTHAR,JODHPUR
253,M5NOJ,SUTHAR,JODHPUR
254,M5NOJ,SUTHAR,JODwereHPUR
255,M5NOJ,SUTHAR,JODwereHPUR
256,M5NOJ,SUTHAR,JODwereHPUR
257,M5NOJ,SUTHAR,JODwereHPUR
258,M5NOJ,SUTHAR,JODwereHPUR
259,MANOJ,SUTHAR,JODwereHPUR
260,MANOJ,SUTHAR,JODwereHPUR
261,MANOJ,SU5AR,JODHwerePUR
262,MA345NOJ,SU5AR,JODHwerePUR
263,MA345NOJ,SU5AR,JODHwerePUR
264,MA345NOJ,SU5AR,JODHwerePUR
265,MA345NOJ,SU5AR,JODerPUR
266,MA345NOJ,SU5AR,JODerPUR
267,MA345NOJ,SU5AR,JODerPUR
268,MA345NOJ,SU5AR,JODHPUR
269,MANOJ,SU5AR,JODHPUR
270,MANOJ,SUTHAR,JODHPUR
271,MwerNOJ,SUTHAR,JODHPUR
272,MwerNOJ,SUTHAR,JODerHPUR
273,MwerNOJ,SUTHAR,JODerHPUR
274,MwerNOJ,SUTHAR,JODerHPUR
275,MwerNOJ,SUTHAR,JODerHPUR
276,M5NOJ,SUTHAR,JODHPUR
277,M5NOJ,SUTHAR,JODHPUR
278,M5NOJ,SUTHAR,JODwereHPUR
279,M5NOJ,SUTHAR,JODwereHPUR
280,M5NOJ,SUTHAR,JODwereHPUR
281,M5NOJ,SUTHAR,JODwereHPUR
282,M5NOJ,SUTHAR,JODwereHPUR
283,MANOJ,SUTHAR,JODwereHPUR
284,MANOJ,SUTHAR,JODwereHPUR
285,MANOJ,SU5AR,JODHwerePUR
286,MA345NOJ,SU5AR,JODHwerePUR
287,MA345NOJ,SU5AR,JODHwerePUR
288,MA345NOJ,SU5AR,JODHwerePUR
289,MA345NOJ,SU5AR,JODerPUR
290,MA345NOJ,SU5AR,JODerPUR
291,MA345NOJ,SU5AR,JODerPUR
292,MA345NOJ,SU5AR,JODHPUR
293,MANOJ,SU5AR,JODHPUR
294,MANOJ,SUTHAR,JODHPUR
295,MwerNOJ,SUTHAR,JODHPUR
296,MwerNOJ,SUTHAR,JODerHPUR
297,MwerNOJ,SUTHAR,JODerHPUR
298,MwerNOJ,SUTHAR,JODerHPUR
299,MwerNOJ,SUTHAR,JODerHPUR
300,M5NOJ,SUTHAR,JODHPUR
301,M5NOJ,SUTHAR,JODHPUR
302,M5NOJ,SUTHAR,JODwereHPUR
303,M5NOJ,SUTHAR,JODwereHPUR
304,M5NOJ,SUTHAR,JODwereHPUR
305,M5NOJ,SUTHAR,JODwereHPUR
306,M5NOJ,SUTHAR,JODwereHPUR
307,MANOJ,SUTHAR,JODwereHPUR
308,MANOJ,SUTHAR,JODwereHPUR
309,MANOJ,SU5AR,JODHwerePUR
310,MA345NOJ,SU5AR,JODHwerePUR
311,MA345NOJ,SU5AR,JODHwerePUR
312,MA345NOJ,SU5AR,JODHwerePUR
313,MA345NOJ,SU5AR,JODerPUR
314,MA345NOJ,SU5AR,JODerPUR
315,MA345NOJ,SU5AR,JODerPUR
316,MA345NOJ,SU5AR,JODHPUR
317,MANOJ,SU5AR,JODHPUR
318,MANOJ,SUTHAR,JODHPUR
319,MwerNOJ,SUTHAR,JODHPUR
320,MwerNOJ,SUTHAR,JODerHPUR
321,MwerNOJ,SUTHAR,JODerHPUR
322,MwerNOJ,SUTHAR,JODerHPUR
323,MwerNOJ,SUTHAR,JODerHPUR
324,M5NOJ,SUTHAR,JODHPUR
325,M5NOJ,SUTHAR,JODHPUR
326,M5NOJ,SUTHAR,JODwereHPUR
327,M5NOJ,SUTHAR,JODwereHPUR
328,M5NOJ,SUTHAR,JODwereHPUR
329,M5NOJ,SUTHAR,JODwereHPUR
330,M5NOJ,SUTHAR,JODwereHPUR
331,MANOJ,SUTHAR,JODwereHPUR
332,MANOJ,SUTHAR,JODwereHPUR
333,MANOJ,SU5AR,JODHwerePUR
334,MA345NOJ,SU5AR,JODHwerePUR
335,MA345NOJ,SU5AR,JODHwerePUR
336,MA345NOJ,SU5AR,JODHwerePUR
337,MA345NOJ,SU5AR,JODerPUR
338,MA345NOJ,SU5AR,JODerPUR
339,MA345NOJ,SU5AR,JODerPUR
340,MA345NOJ,SU5AR,JODHPUR
341,MANOJ,SU5AR,JODHPUR
342,MANOJ,SUTHAR,JODHPUR
343,MwerNOJ,SUTHAR,JODHPUR
344,MwerNOJ,SUTHAR,JODerHPUR
345,MwerNOJ,SUTHAR,JODerHPUR
346,MwerNOJ,SUTHAR,JODerHPUR
347,MwerNOJ,SUTHAR,JODerHPUR
348,M5NOJ,SUTHAR,JODHPUR
349,M5NOJ,SUTHAR,JODHPUR
350,M5NOJ,SUTHAR,JODwereHPUR
351,M5NOJ,SUTHAR,JODwereHPUR
352,M5NOJ,SUTHAR,JODwereHPUR
353,M5NOJ,SUTHAR,JODwereHPUR
354,M5NOJ,SUTHAR,JODwereHPUR
355,MANOJ,SUTHAR,JODwereHPUR
356,MANOJ,SUTHAR,JODwereHPUR
357,MANOJ,SU5AR,JODHwerePUR
358,MA345NOJ,SU5AR,JODHwerePUR
359,MA345NOJ,SU5AR,JODHwerePUR
360,MA345NOJ,SU5AR,JODHwerePUR
361,MA345NOJ,SU5AR,JODerPUR
362,MA345NOJ,SU5AR,JODerPUR
363,MA345NOJ,SU5AR,JODerPUR
364,MA345NOJ,SU5AR,JODHPUR
365,MANOJ,SU5AR,JODHPUR
366,MANOJ,SUTHAR,JODHPUR
367,MwerNOJ,SUTHAR,JODHPUR
368,MwerNOJ,SUTHAR,JODerHPUR
369,MwerNOJ,SUTHAR,JODerHPUR
370,MwerNOJ,SUTHAR,JODerHPUR
371,MwerNOJ,SUTHAR,JODerHPUR
372,M5NOJ,SUTHAR,JODHPUR
373,M5NOJ,SUTHAR,JODHPUR
374,M5NOJ,SUTHAR,JODwereHPUR
375,M5NOJ,SUTHAR,JODwereHPUR
376,M5NOJ,SUTHAR,JODwereHPUR
377,M5NOJ,SUTHAR,JODwereHPUR
378,M5NOJ,SUTHAR,JODwereHPUR
379,MANOJ,SUTHAR,JODwereHPUR
380,MANOJ,SUTHAR,JODwereHPUR
381,MANOJ,SU5AR,JODHwerePUR
382,MA345NOJ,SU5AR,JODHwerePUR
383,MA345NOJ,SU5AR,JODHwerePUR
384,MA345NOJ,SU5AR,JODHwerePUR
385,MA345NOJ,SU5AR,JODerPUR
386,MA345NOJ,SU5AR,JODerPUR
387,MA345NOJ,SU5AR,JODerPUR
388,MA345NOJ,SU5AR,JODHPUR
389,MANOJ,SU5AR,JODHPUR
390,MANOJ,SUTHAR,JODHPUR
391,MwerNOJ,SUTHAR,JODHPUR
392,MwerNOJ,SUTHAR,JODerHPUR
393,MwerNOJ,SUTHAR,JODerHPUR
394,MwerNOJ,SUTHAR,JODerHPUR
395,MwerNOJ,SUTHAR,JODerHPUR
396,M5NOJ,SUTHAR,JODHPUR
397,M5NOJ,SUTHAR,JODHPUR
398,M5NOJ,SUTHAR,JODwereHPUR
399,M5NOJ,SUTHAR,JODwereHPUR
400,M5NOJ,SUTHAR,JODwereHPUR
401,M5NOJ,SUTHAR,JODwereHPUR
402,M5NOJ,SUTHAR,JODwereHPUR
403,MANOJ,SUTHAR,JODwereHPUR
404,MANOJ,SUTHAR,JODwereHPUR
405,MANOJ,SU5AR,JODHwerePUR
406,MA345NOJ,SU5AR,JODHwerePUR
407,MA345NOJ,SU5AR,JODHwerePUR
408,MA345NOJ,SU5AR,JODHwerePUR
409,MA345NOJ,SU5AR,JODerPUR
410,MA345NOJ,SU5AR,JODerPUR
411,MA345NOJ,SU5AR,JODerPUR
412,MA345NOJ,SU5AR,JODHPUR
413,MANOJ,SU5AR,JODHPUR
414,MANOJ,SUTHAR,JODHPUR
415,MwerNOJ,SUTHAR,JODHPUR
416,MwerNOJ,SUTHAR,JODerHPUR
417,MwerNOJ,SUTHAR,JODerHPUR
418,MwerNOJ,SUTHAR,JODerHPUR
419,MwerNOJ,SUTHAR,JODerHPUR
420,M5NOJ,SUTHAR,JODHPUR
421,M5NOJ,SUTHAR,JODHPUR
422,M5NOJ,SUTHAR,JODwereHPUR
423,M5NOJ,SUTHAR,JODwereHPUR
424,M5NOJ,SUTHAR,JODwereHPUR
425,M5NOJ,SUTHAR,JODwereHPUR
426,M5NOJ,SUTHAR,JODwereHPUR
427,MANOJ,SUTHAR,JODwereHPUR
428,MANOJ,SUTHAR,JODwereHPUR
429,MANOJ,SU5AR,JODHwerePUR
430,MA345NOJ,SU5AR,JODHwerePUR
431,MA345NOJ,SU5AR,JODHwerePUR
432,MA345NOJ,SU5AR,JODHwerePUR
433,MA345NOJ,SU5AR,JODerPUR
434,MA345NOJ,SU5AR,JODerPUR
435,MA345NOJ,SU5AR,JODerPUR
436,MA345NOJ,SU5AR,JODHPUR
437,MANOJ,SU5AR,JODHPUR
438,MANOJ,SUTHAR,JODHPUR
439,MwerNOJ,SUTHAR,JODHPUR
440,MwerNOJ,SUTHAR,JODerHPUR
441,MwerNOJ,SUTHAR,JODerHPUR
442,MwerNOJ,SUTHAR,JODerHPUR
443,MwerNOJ,SUTHAR,JODerHPUR
444,M5NOJ,SUTHAR,JODHPUR
445,M5NOJ,SUTHAR,JODHPUR
446,M5NOJ,SUTHAR,JODwereHPUR
447,M5NOJ,SUTHAR,JODwereHPUR
448,M5NOJ,SUTHAR,JODwereHPUR
449,M5NOJ,SUTHAR,JODwereHPUR
450,M5NOJ,SUTHAR,JODwereHPUR
451,MANOJ,SUTHAR,JODwereHPUR
452,MANOJ,SUTHAR,JODwereHPUR
453,MANOJ,SU5AR,JODHwerePUR
454,MA345NOJ,SU5AR,JODHwerePUR
455,MA345NOJ,SU5AR,JODHwerePUR
456,MA345NOJ,SU5AR,JODHwerePUR
457,MA345NOJ,SU5AR,JODerPUR
458,MA345NOJ,SU5AR,JODerPUR
459,MA345NOJ,SU5AR,JODerPUR
460,MA345NOJ,SU5AR,JODHPUR
461,MANOJ,SU5AR,JODHPUR
462,MANOJ,SUTHAR,JODHPUR
463,MwerNOJ,SUTHAR,JODHPUR
464,MwerNOJ,SUTHAR,JODerHPUR
465,MwerNOJ,SUTHAR,JODerHPUR
466,MwerNOJ,SUTHAR,JODerHPUR
467,MwerNOJ,SUTHAR,JODerHPUR
468,M5NOJ,SUTHAR,JODHPUR
469,M5NOJ,SUTHAR,JODHPUR
470,M5NOJ,SUTHAR,JODwereHPUR
471,M5NOJ,SUTHAR,JODwereHPUR
472,M5NOJ,SUTHAR,JODwereHPUR
473,M5NOJ,SUTHAR,JODwereHPUR
474,M5NOJ,SUTHAR,JODwereHPUR
475,MANOJ,SUTHAR,JODwereHPUR
476,MANOJ,SUTHAR,JODwereHPUR
477,MANOJ,SU5AR,JODHwerePUR
478,MA345NOJ,SU5AR,JODHwerePUR
479,MA345NOJ,SU5AR,JODHwerePUR
480,MA345NOJ,SU5AR,JODHwerePUR
481,MA345NOJ,SU5AR,JODerPUR
482,MA345NOJ,SU5AR,JODerPUR
483,MA345NOJ,SU5AR,JODerPUR
484,MA345NOJ,SU5AR,JODHPUR
485,MANOJ,SU5AR,JODHPUR
486,MANOJ,SUTHAR,JODHPUR
487,MwerNOJ,SUTHAR,JODHPUR
488,MwerNOJ,SUTHAR,JODerHPUR
489,MwerNOJ,SUTHAR,JODerHPUR
490,MwerNOJ,SUTHAR,JODerHPUR
491,MwerNOJ,SUTHAR,JODerHPUR
492,M5NOJ,SUTHAR,JODHPUR
493,M5NOJ,SUTHAR,JODHPUR
494,M5NOJ,SUTHAR,JODwereHPUR
495,M5NOJ,SUTHAR,JODwereHPUR
496,M5NOJ,SUTHAR,JODwereHPUR
497,M5NOJ,SUTHAR,JODwereHPUR
498,M5NOJ,SUTHAR,JODwereHPUR
499,MANOJ,SUTHAR,JODwereHPUR
500,MANOJ,SUTHAR,JODwereHPUR
501,MANOJ,SU5AR,JODHwerePUR
502,MA345NOJ,SU5AR,JODHwerePUR
503,MA345NOJ,SU5AR,JODHwerePUR
504,MA345NOJ,SU5AR,JODHwerePUR
505,MA345NOJ,SU5AR,JODerPUR
506,MA345NOJ,SU5AR,JODerPUR
507,MA345NOJ,SU5AR,JODerPUR
508,MA345NOJ,SU5AR,JODHPUR
509,MANOJ,SU5AR,JODHPUR
510,MANOJ,SUTHAR,JODHPUR
511,MwerNOJ,SUTHAR,JODHPUR
512,MwerNOJ,SUTHAR,JODerHPUR
513,MwerNOJ,SUTHAR,JODerHPUR
514,MwerNOJ,SUTHAR,JODerHPUR
515,MwerNOJ,SUTHAR,JODerHPUR
516,M5NOJ,SUTHAR,JODHPUR
517,M5NOJ,SUTHAR,JODHPUR
518,M5NOJ,SUTHAR,JODwereHPUR
519,M5NOJ,SUTHAR,JODwereHPUR
520,M5NOJ,SUTHAR,JODwereHPUR
521,M5NOJ,SUTHAR,JODwereHPUR
522,M5NOJ,SUTHAR,JODwereHPUR
523,MANOJ,SUTHAR,JODwereHPUR
524,MANOJ,SUTHAR,JODwereHPUR
525,MANOJ,SU5AR,JODHwerePUR
526,MA345NOJ,SU5AR,JODHwerePUR
527,MA345NOJ,SU5AR,JODHwerePUR
528,MA345NOJ,SU5AR,JODHwerePUR
529,MA345NOJ,SU5AR,JODerPUR
530,MA345NOJ,SU5AR,JODerPUR
531,MA345NOJ,SU5AR,JODerPUR
532,MA345NOJ,SU5AR,JODHPUR
533,MANOJ,SU5AR,JODHPUR
534,MANOJ,SUTHAR,JODHPUR
535,MwerNOJ,SUTHAR,JODHPUR
536,MwerNOJ,SUTHAR,JODerHPUR
537,MwerNOJ,SUTHAR,JODerHPUR
538,MwerNOJ,SUTHAR,JODerHPUR
539,MwerNOJ,SUTHAR,JODerHPUR
540,M5NOJ,SUTHAR,JODHPUR
541,M5NOJ,SUTHAR,JODHPUR
542,M5NOJ,SUTHAR,JODwereHPUR
543,M5NOJ,SUTHAR,JODwereHPUR
544,M5NOJ,SUTHAR,JODwereHPUR
545,M5NOJ,SUTHAR,JODwereHPUR
546,M5NOJ,SUTHAR,JODwereHPUR
547,MANOJ,SUTHAR,JODwereHPUR
548,MANOJ,SUTHAR,JODwereHPUR
549,MANOJ,SU5AR,JODHwerePUR
550,MA345NOJ,SU5AR,JODHwerePUR
551,MA345NOJ,SU5AR,JODHwerePUR
552,MA345NOJ,SU5AR,JODHwerePUR
553,MA345NOJ,SU5AR,JODerPUR
554,MA345NOJ,SU5AR,JODerPUR
555,MA345NOJ,SU5AR,JODerPUR
556,MA345NOJ,SU5AR,JODHPUR
557,MANOJ,SU5AR,JODHPUR
558,MANOJ,SUTHAR,JODHPUR
559,MwerNOJ,SUTHAR,JODHPUR
560,MwerNOJ,SUTHAR,JODerHPUR
561,MwerNOJ,SUTHAR,JODerHPUR
562,MwerNOJ,SUTHAR,JODerHPUR
563,MwerNOJ,SUTHAR,JODerHPUR
564,M5NOJ,SUTHAR,JODHPUR
565,M5NOJ,SUTHAR,JODHPUR
566,M5NOJ,SUTHAR,JODwereHPUR
567,M5NOJ,SUTHAR,JODwereHPUR
568,M5NOJ,SUTHAR,JODwereHPUR
569,M5NOJ,SUTHAR,JODwereHPUR
570,M5NOJ,SUTHAR,JODwereHPUR
571,MANOJ,SUTHAR,JODwereHPUR
572,MANOJ,SUTHAR,JODwereHPUR
573,MANOJ,SU5AR,JODHwerePUR
574,MA345NOJ,SU5AR,JODHwerePUR
575,MA345NOJ,SU5AR,JODHwerePUR
576,MA345NOJ,SU5AR,JODHwerePUR
577,MA345NOJ,SU5AR,JODerPUR
578,MA345NOJ,SU5AR,JODerPUR
579,MA345NOJ,SU5AR,JODerPUR
580,MA345NOJ,SU5AR,JODHPUR
581,MANOJ,SU5AR,JODHPUR
582,MANOJ,SUTHAR,JODHPUR
583,MwerNOJ,SUTHAR,JODHPUR
584,MwerNOJ,SUTHAR,JODerHPUR
585,MwerNOJ,SUTHAR,JODerHPUR
586,MwerNOJ,SUTHAR,JODerHPUR
587,MwerNOJ,SUTHAR,JODerHPUR
588,M5NOJ,SUTHAR,JODHPUR
589,M5NOJ,SUTHAR,JODHPUR
590,M5NOJ,SUTHAR,JODwereHPUR
591,M5NOJ,SUTHAR,JODwereHPUR
592,M5NOJ,SUTHAR,JODwereHPUR
593,M5NOJ,SUTHAR,JODwereHPUR
594,M5NOJ,SUTHAR,JODwereHPUR
595,MANOJ,SUTHAR,JODwereHPUR
596,MANOJ,SUTHAR,JODwereHPUR
597,MANOJ,SU5AR,JODHwerePUR
598,MA345NOJ,SU5AR,JODHwerePUR
599,MA345NOJ,SU5AR,JODHwerePUR
600,MA345NOJ,SU5AR,JODHwerePUR
601,MA345NOJ,SU5AR,JODerPUR
602,MA345NOJ,SU5AR,JODerPUR
603,MA345NOJ,SU5AR,JODerPUR
604,MA345NOJ,SU5AR,JODHPUR
605,MANOJ,SU5AR,JODHPUR
606,MANOJ,SUTHAR,JODHPUR
607,MwerNOJ,SUTHAR,JODHPUR
608,MwerNOJ,SUTHAR,JODerHPUR
609,MwerNOJ,SUTHAR,JODerHPUR
610,MwerNOJ,SUTHAR,JODerHPUR
611,MwerNOJ,SUTHAR,JODerHPUR
612,M5NOJ,SUTHAR,JODHPUR
613,M5NOJ,SUTHAR,JODHPUR
614,M5NOJ,SUTHAR,JODwereHPUR
615,M5NOJ,SUTHAR,JODwereHPUR
616,M5NOJ,SUTHAR,JODwereHPUR
617,M5NOJ,SUTHAR,JODwereHPUR
618,M5NOJ,SUTHAR,JODwereHPUR
619,MANOJ,SUTHAR,JODwereHPUR
620,MANOJ,SUTHAR,JODwereHPUR
621,MANOJ,SU5AR,JODHwerePUR
622,MA345NOJ,SU5AR,JODHwerePUR
623,MA345NOJ,SU5AR,JODHwerePUR
624,MA345NOJ,SU5AR,JODHwerePUR
625,MA345NOJ,SU5AR,JODerPUR
626,MA345NOJ,SU5AR,JODerPUR
627,MA345NOJ,SU5AR,JODerPUR
628,MA345NOJ,SU5AR,JODHPUR
629,MANOJ,SU5AR,JODHPUR
630,MANOJ,SUTHAR,JODHPUR
631,MwerNOJ,SUTHAR,JODHPUR
632,MwerNOJ,SUTHAR,JODerHPUR
633,MwerNOJ,SUTHAR,JODerHPUR
634,MwerNOJ,SUTHAR,JODerHPUR
635,MwerNOJ,SUTHAR,JODerHPUR
636,M5NOJ,SUTHAR,JODHPUR
637,M5NOJ,SUTHAR,JODHPUR
638,M5NOJ,SUTHAR,JODwereHPUR
639,M5NOJ,SUTHAR,JODwereHPUR
640,M5NOJ,SUTHAR,JODwereHPUR
641,M5NOJ,SUTHAR,JODwereHPUR
642,M5NOJ,SUTHAR,JODwereHPUR
643,MANOJ,SUTHAR,JODwereHPUR
644,MANOJ,SUTHAR,JODwereHPUR
645,MANOJ,SU5AR,JODHwerePUR
646,MA345NOJ,SU5AR,JODHwerePUR
647,MA345NOJ,SU5AR,JODHwerePUR
648,MA345NOJ,SU5AR,JODHwerePUR
649,MA345NOJ,SU5AR,JODerPUR
650,MA345NOJ,SU5AR,JODerPUR
651,MA345NOJ,SU5AR,JODerPUR
652,MA345NOJ,SU5AR,JODHPUR
653,MANOJ,SU5AR,JODHPUR
654,MANOJ,SUTHAR,JODHPUR
655,MwerNOJ,SUTHAR,JODHPUR
656,MwerNOJ,SUTHAR,JODerHPUR
657,MwerNOJ,SUTHAR,JODerHPUR
658,MwerNOJ,SUTHAR,JODerHPUR
659,MwerNOJ,SUTHAR,JODerHPUR
660,M5NOJ,SUTHAR,JODHPUR
661,M5NOJ,SUTHAR,JODHPUR
662,M5NOJ,SUTHAR,JODwereHPUR
663,M5NOJ,SUTHAR,JODwereHPUR
664,M5NOJ,SUTHAR,JODwereHPUR
665,M5NOJ,SUTHAR,JODwereHPUR
666,M5NOJ,SUTHAR,JODwereHPUR
667,MANOJ,SUTHAR,JODwereHPUR
668,MANOJ,SUTHAR,JODwereHPUR
669,MANOJ,SU5AR,JODHwerePUR
670,MA345NOJ,SU5AR,JODHwerePUR
671,MA345NOJ,SU5AR,JODHwerePUR
672,MA345NOJ,SU5AR,JODHwerePUR
673,MA345NOJ,SU5AR,JODerPUR
674,MA345NOJ,SU5AR,JODerPUR
675,MA345NOJ,SU5AR,JODerPUR
676,MA345NOJ,SU5AR,JODHPUR
677,MANOJ,SU5AR,JODHPUR
678,MANOJ,SUTHAR,JODHPUR
679,MwerNOJ,SUTHAR,JODHPUR
680,MwerNOJ,SUTHAR,JODerHPUR
681,MwerNOJ,SUTHAR,JODerHPUR
682,MwerNOJ,SUTHAR,JODerHPUR
683,MwerNOJ,SUTHAR,JODerHPUR
684,M5NOJ,SUTHAR,JODHPUR
685,M5NOJ,SUTHAR,JODHPUR
686,M5NOJ,SUTHAR,JODwereHPUR
687,M5NOJ,SUTHAR,JODwereHPUR
688,M5NOJ,SUTHAR,JODwereHPUR
689,M5NOJ,SUTHAR,JODwereHPUR
690,M5NOJ,SUTHAR,JODwereHPUR
691,MANOJ,SUTHAR,JODwereHPUR
692,MANOJ,SUTHAR,JODwereHPUR
693,MANOJ,SU5AR,JODHwerePUR
694,MA345NOJ,SU5AR,JODHwerePUR
695,MA345NOJ,SU5AR,JODHwerePUR
696,MA345NOJ,SU5AR,JODHwerePUR
697,MA345NOJ,SU5AR,JODerPUR
698,MA345NOJ,SU5AR,JODerPUR
699,MA345NOJ,SU5AR,JODerPUR
700,MA345NOJ,SU5AR,JODHPUR
701,MANOJ,SU5AR,JODHPUR
702,MANOJ,SUTHAR,JODHPUR
703,MwerNOJ,SUTHAR,JODHPUR
704,MwerNOJ,SUTHAR,JODerHPUR
705,MwerNOJ,SUTHAR,JODerHPUR
706,MwerNOJ,SUTHAR,JODerHPUR
707,MwerNOJ,SUTHAR,JODerHPUR
708,M5NOJ,SUTHAR,JODHPUR
709,M5NOJ,SUTHAR,JODHPUR
710,M5NOJ,SUTHAR,JODwereHPUR
711,M5NOJ,SUTHAR,JODwereHPUR
712,M5NOJ,SUTHAR,JODwereHPUR
713,M5NOJ,SUTHAR,JODwereHPUR
714,M5NOJ,SUTHAR,JODwereHPUR
715,MANOJ,SUTHAR,JODwereHPUR
716,MANOJ,SUTHAR,JODwereHPUR
717,MANOJ,SU5AR,JODHwerePUR
718,MA345NOJ,SU5AR,JODHwerePUR
719,MA345NOJ,SU5AR,JODHwerePUR
720,MA345NOJ,SU5AR,JODHwerePUR
721,MA345NOJ,SU5AR,JODerPUR
722,MA345NOJ,SU5AR,JODerPUR
723,MA345NOJ,SU5AR,JODerPUR
724,MA345NOJ,SU5AR,JODHPUR
725,MANOJ,SU5AR,JODHPUR
726,MANOJ,SUTHAR,JODHPUR
727,MwerNOJ,SUTHAR,JODHPUR
728,MwerNOJ,SUTHAR,JODerHPUR
729,MwerNOJ,SUTHAR,JODerHPUR
730,MwerNOJ,SUTHAR,JODerHPUR
731,MwerNOJ,SUTHAR,JODerHPUR
732,M5NOJ,SUTHAR,JODHPUR
733,M5NOJ,SUTHAR,JODHPUR
734,M5NOJ,SUTHAR,JODwereHPUR
735,M5NOJ,SUTHAR,JODwereHPUR
736,M5NOJ,SUTHAR,JODwereHPUR
737,M5NOJ,SUTHAR,JODwereHPUR
738,M5NOJ,SUTHAR,JODwereHPUR
739,MANOJ,SUTHAR,JODwereHPUR
740,MANOJ,SUTHAR,JODwereHPUR
741,MANOJ,SU5AR,JODHwerePUR
742,MA345NOJ,SU5AR,JODHwerePUR
743,MA345NOJ,SU5AR,JODHwerePUR
744,MA345NOJ,SU5AR,JODHwerePUR
745,MA345NOJ,SU5AR,JODerPUR
746,MA345NOJ,SU5AR,JODerPUR
747,MA345NOJ,SU5AR,JODerPUR
748,MA345NOJ,SU5AR,JODHPUR
749,MANOJ,SU5AR,JODHPUR
750,MANOJ,SUTHAR,JODHPUR
751,MwerNOJ,SUTHAR,JODHPUR
752,MwerNOJ,SUTHAR,JODerHPUR
753,MwerNOJ,SUTHAR,JODerHPUR
754,MwerNOJ,SUTHAR,JODerHPUR
755,MwerNOJ,SUTHAR,JODerHPUR
756,M5NOJ,SUTHAR,JODHPUR
757,M5NOJ,SUTHAR,JODHPUR
758,M5NOJ,SUTHAR,JODwereHPUR
759,M5NOJ,SUTHAR,JODwereHPUR
760,M5NOJ,SUTHAR,JODwereHPUR
761,M5NOJ,SUTHAR,JODwereHPUR
762,M5NOJ,SUTHAR,JODwereHPUR
763,MANOJ,SUTHAR,JODwereHPUR
764,MANOJ,SUTHAR,JODwereHPUR
765,MANOJ,SU5AR,JODHwerePUR
766,MA345NOJ,SU5AR,JODHwerePUR
767,MA345NOJ,SU5AR,JODHwerePUR
768,MA345NOJ,SU5AR,JODHwerePUR
769,MA345NOJ,SU5AR,JODerPUR
770,MA345NOJ,SU5AR,JODerPUR
771,MA345NOJ,SU5AR,JODerPUR
772,MA345NOJ,SU5AR,JODHPUR
773,MANOJ,SU5AR,JODHPUR
774,MANOJ,SUTHAR,JODHPUR
775,MwerNOJ,SUTHAR,JODHPUR
776,MwerNOJ,SUTHAR,JODerHPUR
777,MwerNOJ,SUTHAR,JODerHPUR
778,MwerNOJ,SUTHAR,JODerHPUR
779,MwerNOJ,SUTHAR,JODerHPUR
780,M5NOJ,SUTHAR,JODHPUR
781,M5NOJ,SUTHAR,JODHPUR
782,M5NOJ,SUTHAR,JODwereHPUR
783,M5NOJ,SUTHAR,JODwereHPUR
784,M5NOJ,SUTHAR,JODwereHPUR
785,M5NOJ,SUTHAR,JODwereHPUR
786,M5NOJ,SUTHAR,JODwereHPUR
787,MANOJ,SUTHAR,JODwereHPUR
788,MANOJ,SUTHAR,JODwereHPUR
789,MANOJ,SU5AR,JODHwerePUR
790,MA345NOJ,SU5AR,JODHwerePUR
791,MA345NOJ,SU5AR,JODHwerePUR
792,MA345NOJ,SU5AR,JODHwerePUR
793,MA345NOJ,SU5AR,JODerPUR
794,MA345NOJ,SU5AR,JODerPUR
795,MA345NOJ,SU5AR,JODerPUR
796,MA345NOJ,SU5AR,JODHPUR
797,MANOJ,SU5AR,JODHPUR
798,MANOJ,SUTHAR,JODHPUR
799,MwerNOJ,SUTHAR,JODHPUR
800,MwerNOJ,SUTHAR,JODerHPUR
801,MwerNOJ,SUTHAR,JODerHPUR
802,MwerNOJ,SUTHAR,JODerHPUR
803,MwerNOJ,SUTHAR,JODerHPUR
804,M5NOJ,SUTHAR,JODHPUR
805,M5NOJ,SUTHAR,JODHPUR
806,M5NOJ,SUTHAR,JODwereHPUR
807,M5NOJ,SUTHAR,JODwereHPUR
808,M5NOJ,SUTHAR,JODwereHPUR
809,M5NOJ,SUTHAR,JODwereHPUR
810,M5NOJ,SUTHAR,JODwereHPUR
811,MANOJ,SUTHAR,JODwereHPUR
812,MANOJ,SUTHAR,JODwereHPUR
813,MANOJ,SU5AR,JODHwerePUR
814,MA345NOJ,SU5AR,JODHwerePUR
815,MA345NOJ,SU5AR,JODHwerePUR
816,MA345NOJ,SU5AR,JODHwerePUR
817,MA345NOJ,SU5AR,JODerPUR
818,MA345NOJ,SU5AR,JODerPUR
819,MA345NOJ,SU5AR,JODerPUR
820,MA345NOJ,SU5AR,JODHPUR
821,MANOJ,SU5AR,JODHPUR
822,MANOJ,SUTHAR,JODHPUR
823,MwerNOJ,SUTHAR,JODHPUR
824,MwerNOJ,SUTHAR,JODerHPUR
825,MwerNOJ,SUTHAR,JODerHPUR
826,MwerNOJ,SUTHAR,JODerHPUR
827,MwerNOJ,SUTHAR,JODerHPUR
828,M5NOJ,SUTHAR,JODHPUR
829,M5NOJ,SUTHAR,JODHPUR
830,M5NOJ,SUTHAR,JODwereHPUR
831,M5NOJ,SUTHAR,JODwereHPUR
832,M5NOJ,SUTHAR,JODwereHPUR
833,M5NOJ,SUTHAR,JODwereHPUR
834,M5NOJ,SUTHAR,JODwereHPUR
835,MANOJ,SUTHAR,JODwereHPUR
836,MANOJ,SUTHAR,JODwereHPUR
837,MANOJ,SU5AR,JODHwerePUR
838,MA345NOJ,SU5AR,JODHwerePUR
839,MA345NOJ,SU5AR,JODHwerePUR
840,MA345NOJ,SU5AR,JODHwerePUR
841,MA345NOJ,SU5AR,JODerPUR
842,MA345NOJ,SU5AR,JODerPUR
843,MA345NOJ,SU5AR,JODerPUR
844,MA345NOJ,SU5AR,JODHPUR
845,MANOJ,SU5AR,JODHPUR
846,MANOJ,SUTHAR,JODHPUR
847,MwerNOJ,SUTHAR,JODHPUR
848,MwerNOJ,SUTHAR,JODerHPUR
849,MwerNOJ,SUTHAR,JODerHPUR
850,MwerNOJ,SUTHAR,JODerHPUR
851,MwerNOJ,SUTHAR,JODerHPUR
852,M5NOJ,SUTHAR,JODHPUR
853,M5NOJ,SUTHAR,JODHPUR
854,M5NOJ,SUTHAR,JODwereHPUR
855,M5NOJ,SUTHAR,JODwereHPUR
856,M5NOJ,SUTHAR,JODwereHPUR
857,M5NOJ,SUTHAR,JODwereHPUR
858,M5NOJ,SUTHAR,JODwereHPUR
859,MANOJ,SUTHAR,JODwereHPUR
860,MANOJ,SUTHAR,JODwereHPUR
861,MANOJ,SU5AR,JODHwerePUR
862,MA345NOJ,SU5AR,JODHwerePUR
863,MA345NOJ,SU5AR,JODHwerePUR
864,MA345NOJ,SU5AR,JODHwerePUR
865,MA345NOJ,SU5AR,JODerPUR
866,MA345NOJ,SU5AR,JODerPUR
867,MA345NOJ,SU5AR,JODerPUR
868,MA345NOJ,SU5AR,JODHPUR
869,MANOJ,SU5AR,JODHPUR
870,MANOJ,SUTHAR,JODHPUR
871,MwerNOJ,SUTHAR,JODHPUR
872,MwerNOJ,SUTHAR,JODerHPUR
873,MwerNOJ,SUTHAR,JODerHPUR
874,MwerNOJ,SUTHAR,JODerHPUR
875,MwerNOJ,SUTHAR,JODerHPUR
876,M5NOJ,SUTHAR,JODHPUR
877,M5NOJ,SUTHAR,JODHPUR
878,M5NOJ,SUTHAR,JODwereHPUR
879,M5NOJ,SUTHAR,JODwereHPUR
880,M5NOJ,SUTHAR,JODwereHPUR
881,M5NOJ,SUTHAR,JODwereHPUR
882,M5NOJ,SUTHAR,JODwereHPUR
883,MANOJ,SUTHAR,JODwereHPUR
884,MANOJ,SUTHAR,JODwereHPUR
885,MANOJ,SU5AR,JODHwerePUR
886,MA345NOJ,SU5AR,JODHwerePUR
887,MA345NOJ,SU5AR,JODHwerePUR
888,MA345NOJ,SU5AR,JODHwerePUR
889,MA345NOJ,SU5AR,JODerPUR
890,MA345NOJ,SU5AR,JODerPUR
891,MA345NOJ,SU5AR,JODerPUR
892,MA345NOJ,SU5AR,JODHPUR
893,MANOJ,SU5AR,JODHPUR
894,MANOJ,SUTHAR,JODHPUR
895,MwerNOJ,SUTHAR,JODHPUR
896,MwerNOJ,SUTHAR,JODerHPUR
897,MwerNOJ,SUTHAR,JODerHPUR
898,MwerNOJ,SUTHAR,JODerHPUR
899,MwerNOJ,SUTHAR,JODerHPUR
900,M5NOJ,SUTHAR,JODHPUR
901,M5NOJ,SUTHAR,JODHPUR
902,M5NOJ,SUTHAR,JODwereHPUR
903,M5NOJ,SUTHAR,JODwereHPUR
904,M5NOJ,SUTHAR,JODwereHPUR
905,M5NOJ,SUTHAR,JODwereHPUR
906,M5NOJ,SUTHAR,JODwereHPUR
907,MANOJ,SUTHAR,JODwereHPUR
908,MANOJ,SUTHAR,JODwereHPUR
909,MANOJ,SU5AR,JODHwerePUR
910,MA345NOJ,SU5AR,JODHwerePUR
911,MA345NOJ,SU5AR,JODHwerePUR
912,MA345NOJ,SU5AR,JODHwerePUR
913,MA345NOJ,SU5AR,JODerPUR
914,MA345NOJ,SU5AR,JODerPUR
915,MA345NOJ,SU5AR,JODerPUR
916,MA345NOJ,SU5AR,JODHPUR
917,MANOJ,SU5AR,JODHPUR
918,MANOJ,SUTHAR,JODHPUR
919,MwerNOJ,SUTHAR,JODHPUR
920,MwerNOJ,SUTHAR,JODerHPUR
921,MwerNOJ,SUTHAR,JODerHPUR
922,MwerNOJ,SUTHAR,JODerHPUR
923,MwerNOJ,SUTHAR,JODerHPUR
924,M5NOJ,SUTHAR,JODHPUR
925,M5NOJ,SUTHAR,JODHPUR
926,M5NOJ,SUTHAR,JODwereHPUR
927,M5NOJ,SUTHAR,JODwereHPUR
928,M5NOJ,SUTHAR,JODwereHPUR
929,M5NOJ,SUTHAR,JODwereHPUR
930,M5NOJ,SUTHAR,JODwereHPUR
931,MANOJ,SUTHAR,JODwereHPUR
932,MANOJ,SUTHAR,JODwereHPUR
933,MANOJ,SU5AR,JODHwerePUR
934,MA345NOJ,SU5AR,JODHwerePUR
935,MA345NOJ,SU5AR,JODHwerePUR
936,MA345NOJ,SU5AR,JODHwerePUR
937,MA345NOJ,SU5AR,JODerPUR
938,MA345NOJ,SU5AR,JODerPUR
939,MA345NOJ,SU5AR,JODerPUR
940,MA345NOJ,SU5AR,JODHPUR
941,MANOJ,SU5AR,JODHPUR
942,MANOJ,SUTHAR,JODHPUR
943,MwerNOJ,SUTHAR,JODHPUR
944,MwerNOJ,SUTHAR,JODerHPUR
945,MwerNOJ,SUTHAR,JODerHPUR
946,MwerNOJ,SUTHAR,JODerHPUR
947,MwerNOJ,SUTHAR,JODerHPUR
948,M5NOJ,SUTHAR,JODHPUR
949,M5NOJ,SUTHAR,JODHPUR
950,M5NOJ,SUTHAR,JODwereHPUR
951,M5NOJ,SUTHAR,JODwereHPUR
952,M5NOJ,SUTHAR,JODwereHPUR
953,M5NOJ,SUTHAR,JODwereHPUR
954,M5NOJ,SUTHAR,JODwereHPUR
955,MANOJ,SUTHAR,JODwereHPUR
956,MANOJ,SUTHAR,JODwereHPUR
957,MANOJ,SU5AR,JODHwerePUR
958,MA345NOJ,SU5AR,JODHwerePUR
959,MA345NOJ,SU5AR,JODHwerePUR
960,MA345NOJ,SU5AR,JODHwerePUR
961,MA345NOJ,SU5AR,JODerPUR
962,MA345NOJ,SU5AR,JODerPUR
963,MA345NOJ,SU5AR,JODerPUR
964,MA345NOJ,SU5AR,JODHPUR
965,MANOJ,SU5AR,JODHPUR
966,MANOJ,SUTHAR,JODHPUR
967,MwerNOJ,SUTHAR,JODHPUR
968,MwerNOJ,SUTHAR,JODerHPUR
969,MwerNOJ,SUTHAR,JODerHPUR
970,MwerNOJ,SUTHAR,JODerHPUR
971,MwerNOJ,SUTHAR,JODerHPUR
972,M5NOJ,SUTHAR,JODHPUR
973,M5NOJ,SUTHAR,JODHPUR
974,M5NOJ,SUTHAR,JODwereHPUR
975,M5NOJ,SUTHAR,JODwereHPUR
976,M5NOJ,SUTHAR,JODwereHPUR
977,M5NOJ,SUTHAR,JODwereHPUR
978,M5NOJ,SUTHAR,JODwereHPUR
979,MANOJ,SUTHAR,JODwereHPUR
980,MANOJ,SUTHAR,JODwereHPUR
981,MANOJ,SU5AR,JODHwerePUR
982,MA345NOJ,SU5AR,JODHwerePUR
983,MA345NOJ,SU5AR,JODHwerePUR
984,MA345NOJ,SU5AR,JODHwerePUR
985,MA345NOJ,SU5AR,JODerPUR
986,MA345NOJ,SU5AR,JODerPUR
987,MA345NOJ,SU5AR,JODerPUR
988,MA345NOJ,SU5AR,JODHPUR
989,MANOJ,SU5AR,JODHPUR
990,MANOJ,SUTHAR,JODHPUR
991,MwerNOJ,SUTHAR,JODHPUR
992,MwerNOJ,SUTHAR,JODerHPUR
993,MwerNOJ,SUTHAR,JODerHPUR
994,MwerNOJ,SUTHAR,JODerHPUR
995,MwerNOJ,SUTHAR,JODerHPUR
996,M5NOJ,SUTHAR,JODHPUR
997,M5NOJ,SUTHAR,JODHPUR
998,M5NOJ,SUTHAR,JODwereHPUR
999,M5NOJ,SUTHAR,JODwereHPUR
1000,M5NOJ,SUTHAR,JODwereHPUR
1001,M5NOJ,SUTHAR,JODwereHPUR
1002,M5NOJ,SUTHAR,JODwereHPUR
1003,MANOJ,SUTHAR,JODwereHPUR
1004,MANOJ,SUTHAR,JODwereHPUR
1005,MANOJ,SU5AR,JODHwerePUR
1006,MA345NOJ,SU5AR,JODHwerePUR
1007,MA345NOJ,SU5AR,JODHwerePUR
1008,MA345NOJ,SU5AR,JODHwerePUR
1009,MA345NOJ,SU5AR,JODerPUR
1010,MA345NOJ,SU5AR,JODerPUR
1011,MA345NOJ,SU5AR,JODerPUR
1012,MA345NOJ,SU5AR,JODHPUR
1013,MANOJ,SU5AR,JODHPUR
1014,MANOJ,SUTHAR,JODHPUR
1015,MwerNOJ,SUTHAR,JODHPUR
1016,MwerNOJ,SUTHAR,JODerHPUR
1017,MwerNOJ,SUTHAR,JODerHPUR
1018,MwerNOJ,SUTHAR,JODerHPUR
1019,MwerNOJ,SUTHAR,JODerHPUR
1020,M5NOJ,SUTHAR,JODHPUR
1021,M5NOJ,SUTHAR,JODHPUR
1022,M5NOJ,SUTHAR,JODwereHPUR
1023,M5NOJ,SUTHAR,JODwereHPUR
1024,M5NOJ,SUTHAR,JODwereHPUR
1025,M5NOJ,SUTHAR,JODwereHPUR
1026,M5NOJ,SUTHAR,JODwereHPUR
1027,MANOJ,SUTHAR,JODwereHPUR
1028,MANOJ,SUTHAR,JODwereHPUR
1029,MANOJ,SU5AR,JODHwerePUR
1030,MA345NOJ,SU5AR,JODHwerePUR
1031,MA345NOJ,SU5AR,JODHwerePUR
1032,MA345NOJ,SU5AR,JODHwerePUR
1033,MA345NOJ,SU5AR,JODerPUR
1034,MA345NOJ,SU5AR,JODerPUR
1035,MA345NOJ,SU5AR,JODerPUR
1036,MA345NOJ,SU5AR,JODHPUR
1037,MANOJ,SU5AR,JODHPUR
1038,MANOJ,SUTHAR,JODHPUR
1039,MwerNOJ,SUTHAR,JODHPUR
1040,MwerNOJ,SUTHAR,JODerHPUR
1041,MwerNOJ,SUTHAR,JODerHPUR
1042,MwerNOJ,SUTHAR,JODerHPUR
1043,MwerNOJ,SUTHAR,JODerHPUR
1044,M5NOJ,SUTHAR,JODHPUR
1045,M5NOJ,SUTHAR,JODHPUR
1046,M5NOJ,SUTHAR,JODwereHPUR
1047,M5NOJ,SUTHAR,JODwereHPUR
1048,M5NOJ,SUTHAR,JODwereHPUR
1049,M5NOJ,SUTHAR,JODwereHPUR
1050,M5NOJ,SUTHAR,JODwereHPUR
1051,MANOJ,SUTHAR,JODwereHPUR
1052,MANOJ,SUTHAR,JODwereHPUR
1053,MANOJ,SU5AR,JODHwerePUR
1054,MA345NOJ,SU5AR,JODHwerePUR
1055,MA345NOJ,SU5AR,JODHwerePUR
1056,MA345NOJ,SU5AR,JODHwerePUR
1057,MA345NOJ,SU5AR,JODerPUR
1058,MA345NOJ,SU5AR,JODerPUR
1059,MA345NOJ,SU5AR,JODerPUR
1060,MA345NOJ,SU5AR,JODHPUR
1061,MANOJ,SU5AR,JODHPUR
1062,MANOJ,SUTHAR,JODHPUR
1063,MwerNOJ,SUTHAR,JODHPUR
1064,MwerNOJ,SUTHAR,JODerHPUR
1065,MwerNOJ,SUTHAR,JODerHPUR
1066,MwerNOJ,SUTHAR,JODerHPUR
1067,MwerNOJ,SUTHAR,JODerHPUR
1068,M5NOJ,SUTHAR,JODHPUR
1069,M5NOJ,SUTHAR,JODHPUR
1070,M5NOJ,SUTHAR,JODwereHPUR
1071,M5NOJ,SUTHAR,JODwereHPUR
1072,M5NOJ,SUTHAR,JODwereHPUR
1073,M5NOJ,SUTHAR,JODwereHPUR
1074,M5NOJ,SUTHAR,JODwereHPUR
1075,MANOJ,SUTHAR,JODwereHPUR
1076,MANOJ,SUTHAR,JODwereHPUR
1077,MANOJ,SU5AR,JODHwerePUR
1078,MA345NOJ,SU5AR,JODHwerePUR
1079,MA345NOJ,SU5AR,JODHwerePUR
1080,MA345NOJ,SU5AR,JODHwerePUR
1081,MA345NOJ,SU5AR,JODerPUR
1082,MA345NOJ,SU5AR,JODerPUR
1083,MA345NOJ,SU5AR,JODerPUR
1084,MA345NOJ,SU5AR,JODHPUR
1085,MANOJ,SU5AR,JODHPUR
1086,MANOJ,SUTHAR,JODHPUR
1087,MwerNOJ,SUTHAR,JODHPUR
1088,MwerNOJ,SUTHAR,JODerHPUR
1089,MwerNOJ,SUTHAR,JODerHPUR
1090,MwerNOJ,SUTHAR,JODerHPUR
1091,MwerNOJ,SUTHAR,JODerHPUR
1092,M5NOJ,SUTHAR,JODHPUR
1093,M5NOJ,SUTHAR,JODHPUR
1094,M5NOJ,SUTHAR,JODwereHPUR
1095,M5NOJ,SUTHAR,JODwereHPUR
1096,M5NOJ,SUTHAR,JODwereHPUR
1097,M5NOJ,SUTHAR,JODwereHPUR
1098,M5NOJ,SUTHAR,JODwereHPUR
1099,MANOJ,SUTHAR,JODwereHPUR
1100,MANOJ,SUTHAR,JODwereHPUR
1101,MANOJ,SU5AR,JODHwerePUR
1102,MA345NOJ,SU5AR,JODHwerePUR
1103,MA345NOJ,SU5AR,JODHwerePUR
1104,MA345NOJ,SU5AR,JODHwerePUR
1105,MA345NOJ,SU5AR,JODerPUR
1106,MA345NOJ,SU5AR,JODerPUR
1107,MA345NOJ,SU5AR,JODerPUR
1108,MA345NOJ,SU5AR,JODHPUR
1109,MANOJ,SU5AR,JODHPUR
1110,MANOJ,SUTHAR,JODHPUR
1111,MwerNOJ,SUTHAR,JODHPUR
1112,MwerNOJ,SUTHAR,JODerHPUR
1113,MwerNOJ,SUTHAR,JODerHPUR
1114,MwerNOJ,SUTHAR,JODerHPUR
1115,MwerNOJ,SUTHAR,JODerHPUR
1116,M5NOJ,SUTHAR,JODHPUR
1117,M5NOJ,SUTHAR,JODHPUR
1118,M5NOJ,SUTHAR,JODwereHPUR
1119,M5NOJ,SUTHAR,JODwereHPUR
1120,M5NOJ,SUTHAR,JODwereHPUR
1121,M5NOJ,SUTHAR,JODwereHPUR
1122,M5NOJ,SUTHAR,JODwereHPUR
1123,MANOJ,SUTHAR,JODwereHPUR
1124,MANOJ,SUTHAR,JODwereHPUR
1125,MANOJ,SU5AR,JODHwerePUR
1126,MA345NOJ,SU5AR,JODHwerePUR
1127,MA345NOJ,SU5AR,JODHwerePUR
1128,MA345NOJ,SU5AR,JODHwerePUR
1129,MA345NOJ,SU5AR,JODerPUR
1130,MA345NOJ,SU5AR,JODerPUR
1131,MA345NOJ,SU5AR,JODerPUR
1132,MA345NOJ,SU5AR,JODHPUR
1133,MANOJ,SU5AR,JODHPUR
1134,MANOJ,SUTHAR,JODHPUR
1135,MwerNOJ,SUTHAR,JODHPUR
1136,MwerNOJ,SUTHAR,JODerHPUR
1137,MwerNOJ,SUTHAR,JODerHPUR
1138,MwerNOJ,SUTHAR,JODerHPUR
1139,MwerNOJ,SUTHAR,JODerHPUR
1140,M5NOJ,SUTHAR,JODHPUR
1141,M5NOJ,SUTHAR,JODHPUR
1142,M5NOJ,SUTHAR,JODwereHPUR
1143,M5NOJ,SUTHAR,JODwereHPUR
1144,M5NOJ,SUTHAR,JODwereHPUR
1145,M5NOJ,SUTHAR,JODwereHPUR
1146,M5NOJ,SUTHAR,JODwereHPUR
1147,MANOJ,SUTHAR,JODwereHPUR
1148,MANOJ,SUTHAR,JODwereHPUR
1149,MANOJ,SU5AR,JODHwerePUR
1150,MA345NOJ,SU5AR,JODHwerePUR
1151,MA345NOJ,SU5AR,JODHwerePUR
1152,MA345NOJ,SU5AR,JODHwerePUR
1153,MA345NOJ,SU5AR,JODerPUR
1154,MA345NOJ,SU5AR,JODerPUR
1155,MA345NOJ,SU5AR,JODerPUR
1156,MA345NOJ,SU5AR,JODHPUR
1157,MANOJ,SU5AR,JODHPUR
1158,MANOJ,SUTHAR,JODHPUR
1159,MwerNOJ,SUTHAR,JODHPUR
1160,MwerNOJ,SUTHAR,JODerHPUR
1161,MwerNOJ,SUTHAR,JODerHPUR
1162,MwerNOJ,SUTHAR,JODerHPUR
1163,MwerNOJ,SUTHAR,JODerHPUR
1164,M5NOJ,SUTHAR,JODHPUR
1165,M5NOJ,SUTHAR,JODHPUR
1166,M5NOJ,SUTHAR,JODwereHPUR
1167,M5NOJ,SUTHAR,JODwereHPUR
1168,M5NOJ,SUTHAR,JODwereHPUR
1169,M5NOJ,SUTHAR,JODwereHPUR
1170,M5NOJ,SUTHAR,JODwereHPUR
1171,MANOJ,SUTHAR,JODwereHPUR
1172,MANOJ,SUTHAR,JODwereHPUR
1173,MANOJ,SU5AR,JODHwerePUR
1174,MA345NOJ,SU5AR,JODHwerePUR
1175,MA345NOJ,SU5AR,JODHwerePUR
1176,MA345NOJ,SU5AR,JODHwerePUR
1177,MA345NOJ,SU5AR,JODerPUR
1178,MA345NOJ,SU5AR,JODerPUR
1179,MA345NOJ,SU5AR,JODerPUR
1180,MA345NOJ,SU5AR,JODHPUR
1181,MANOJ,SU5AR,JODHPUR
1182,MANOJ,SUTHAR,JODHPUR
1183,MwerNOJ,SUTHAR,JODHPUR
1184,MwerNOJ,SUTHAR,JODerHPUR
1185,MwerNOJ,SUTHAR,JODerHPUR
1186,MwerNOJ,SUTHAR,JODerHPUR
1187,MwerNOJ,SUTHAR,JODerHPUR
1188,M5NOJ,SUTHAR,JODHPUR
1189,M5NOJ,SUTHAR,JODHPUR
1190,M5NOJ,SUTHAR,JODwereHPUR
1191,M5NOJ,SUTHAR,JODwereHPUR
1192,M5NOJ,SUTHAR,JODwereHPUR
1193,M5NOJ,SUTHAR,JODwereHPUR
1194,M5NOJ,SUTHAR,JODwereHPUR
1195,MANOJ,SUTHAR,JODwereHPUR
1196,MANOJ,SUTHAR,JODwereHPUR
1197,MANOJ,SU5AR,JODHwerePUR
1198,MA345NOJ,SU5AR,JODHwerePUR
1199,MA345NOJ,SU5AR,JODHwerePUR
1200,MA345NOJ,SU5AR,JODHwerePUR
1201,MA345NOJ,SU5AR,JODerPUR
1202,MA345NOJ,SU5AR,JODerPUR
1203,MA345NOJ,SU5AR,JODerPUR
1204,MA345NOJ,SU5AR,JODHPUR
1205,MANOJ,SU5AR,JODHPUR
1206,MANOJ,SUTHAR,JODHPUR
1207,MwerNOJ,SUTHAR,JODHPUR
1208,MwerNOJ,SUTHAR,JODerHPUR
1209,MwerNOJ,SUTHAR,JODerHPUR
1210,MwerNOJ,SUTHAR,JODerHPUR
1211,MwerNOJ,SUTHAR,JODerHPUR
1212,M5NOJ,SUTHAR,JODHPUR
1213,M5NOJ,SUTHAR,JODHPUR
1214,M5NOJ,SUTHAR,JODwereHPUR
1215,M5NOJ,SUTHAR,JODwereHPUR
1216,M5NOJ,SUTHAR,JODwereHPUR
1217,M5NOJ,SUTHAR,JODwereHPUR
1218,M5NOJ,SUTHAR,JODwereHPUR
1219,MANOJ,SUTHAR,JODwereHPUR
1220,MANOJ,SUTHAR,JODwereHPUR
1221,MANOJ,SU5AR,JODHwerePUR
1222,MA345NOJ,SU5AR,JODHwerePUR
1223,MA345NOJ,SU5AR,JODHwerePUR
1224,MA345NOJ,SU5AR,JODHwerePUR
1225,MA345NOJ,SU5AR,JODerPUR
1226,MA345NOJ,SU5AR,JODerPUR
1227,MA345NOJ,SU5AR,JODerPUR
1228,MA345NOJ,SU5AR,JODHPUR
1229,MANOJ,SU5AR,JODHPUR
1230,MANOJ,SUTHAR,JODHPUR
1231,MwerNOJ,SUTHAR,JODHPUR
1232,MwerNOJ,SUTHAR,JODerHPUR
1233,MwerNOJ,SUTHAR,JODerHPUR
1234,MwerNOJ,SUTHAR,JODerHPUR
1235,MwerNOJ,SUTHAR,JODerHPUR
1236,M5NOJ,SUTHAR,JODHPUR
1237,M5NOJ,SUTHAR,JODHPUR
1238,M5NOJ,SUTHAR,JODwereHPUR
1239,M5NOJ,SUTHAR,JODwereHPUR
1240,M5NOJ,SUTHAR,JODwereHPUR
1241,M5NOJ,SUTHAR,JODwereHPUR
1242,M5NOJ,SUTHAR,JODwereHPUR
1243,MANOJ,SUTHAR,JODwereHPUR
1244,MANOJ,SUTHAR,JODwereHPUR
1245,MANOJ,SU5AR,JODHwerePUR
1246,MA345NOJ,SU5AR,JODHwerePUR
1247,MA345NOJ,SU5AR,JODHwerePUR
1248,MA345NOJ,SU5AR,JODHwerePUR
1249,MA345NOJ,SU5AR,JODerPUR
1250,MA345NOJ,SU5AR,JODerPUR
1251,MA345NOJ,SU5AR,JODerPUR
1252,MA345NOJ,SU5AR,JODHPUR
1253,MANOJ,SU5AR,JODHPUR
1254,MANOJ,SUTHAR,JODHPUR
1255,MwerNOJ,SUTHAR,JODHPUR
1256,MwerNOJ,SUTHAR,JODerHPUR
1257,MwerNOJ,SUTHAR,JODerHPUR
1258,MwerNOJ,SUTHAR,JODerHPUR
1259,MwerNOJ,SUTHAR,JODerHPUR
1260,M5NOJ,SUTHAR,JODHPUR
1261,M5NOJ,SUTHAR,JODHPUR
1262,M5NOJ,SUTHAR,JODwereHPUR
1263,M5NOJ,SUTHAR,JODwereHPUR
1264,M5NOJ,SUTHAR,JODwereHPUR
1265,M5NOJ,SUTHAR,JODwereHPUR
1266,M5NOJ,SUTHAR,JODwereHPUR
1267,MANOJ,SUTHAR,JODwereHPUR
1268,MANOJ,SUTHAR,JODwereHPUR
1269,MANOJ,SU5AR,JODHwerePUR
1270,MA345NOJ,SU5AR,JODHwerePUR
1271,MA345NOJ,SU5AR,JODHwerePUR
1272,MA345NOJ,SU5AR,JODHwerePUR
1273,MA345NOJ,SU5AR,JODerPUR
1274,MA345NOJ,SU5AR,JODerPUR
1275,MA345NOJ,SU5AR,JODerPUR
1276,MA345NOJ,SU5AR,JODHPUR
1277,MANOJ,SU5AR,JODHPUR
1278,MANOJ,SUTHAR,JODHPUR
1279,MwerNOJ,SUTHAR,JODHPUR
1280,MwerNOJ,SUTHAR,JODerHPUR
1281,MwerNOJ,SUTHAR,JODerHPUR
1282,MwerNOJ,SUTHAR,JODerHPUR
1283,MwerNOJ,SUTHAR,JODerHPUR
1284,M5NOJ,SUTHAR,JODHPUR
1285,M5NOJ,SUTHAR,JODHPUR
1286,M5NOJ,SUTHAR,JODwereHPUR
1287,M5NOJ,SUTHAR,JODwereHPUR
1288,M5NOJ,SUTHAR,JODwereHPUR
1289,M5NOJ,SUTHAR,JODwereHPUR
1290,M5NOJ,SUTHAR,JODwereHPUR
1291,MANOJ,SUTHAR,JODwereHPUR
1292,MANOJ,SUTHAR,JODwereHPUR
1293,MANOJ,SU5AR,JODHwerePUR
1294,MA345NOJ,SU5AR,JODHwerePUR
1295,MA345NOJ,SU5AR,JODHwerePUR
1296,MA345NOJ,SU5AR,JODHwerePUR
1297,MA345NOJ,SU5AR,JODerPUR
1298,MA345NOJ,SU5AR,JODerPUR
1299,MA345NOJ,SU5AR,JODerPUR
1300,MA345NOJ,SU5AR,JODHPUR
1301,MANOJ,SU5AR,JODHPUR
1302,MANOJ,SUTHAR,JODHPUR
1303,MwerNOJ,SUTHAR,JODHPUR
1304,MwerNOJ,SUTHAR,JODerHPUR
1305,MwerNOJ,SUTHAR,JODerHPUR
1306,MwerNOJ,SUTHAR,JODerHPUR
1307,MwerNOJ,SUTHAR,JODerHPUR
1308,M5NOJ,SUTHAR,JODHPUR
1309,M5NOJ,SUTHAR,JODHPUR
1310,M5NOJ,SUTHAR,JODwereHPUR
1311,M5NOJ,SUTHAR,JODwereHPUR
1312,M5NOJ,SUTHAR,JODwereHPUR
1313,M5NOJ,SUTHAR,JODwereHPUR
1314,M5NOJ,SUTHAR,JODwereHPUR
1315,MANOJ,SUTHAR,JODwereHPUR
1316,MANOJ,SUTHAR,JODwereHPUR
1317,MANOJ,SU5AR,JODHwerePUR
1318,MA345NOJ,SU5AR,JODHwerePUR
1319,MA345NOJ,SU5AR,JODHwerePUR
1320,MA345NOJ,SU5AR,JODHwerePUR
1321,MA345NOJ,SU5AR,JODerPUR
1322,MA345NOJ,SU5AR,JODerPUR
1323,MA345NOJ,SU5AR,JODerPUR
1324,MA345NOJ,SU5AR,JODHPUR
1325,MANOJ,SU5AR,JODHPUR
1326,MANOJ,SUTHAR,JODHPUR
1327,MwerNOJ,SUTHAR,JODHPUR
1328,MwerNOJ,SUTHAR,JODerHPUR
1329,MwerNOJ,SUTHAR,JODerHPUR
1330,MwerNOJ,SUTHAR,JODerHPUR
1331,MwerNOJ,SUTHAR,JODerHPUR
1332,M5NOJ,SUTHAR,JODHPUR
1333,M5NOJ,SUTHAR,JODHPUR
1334,M5NOJ,SUTHAR,JODwereHPUR
1335,M5NOJ,SUTHAR,JODwereHPUR
1336,M5NOJ,SUTHAR,JODwereHPUR
1337,M5NOJ,SUTHAR,JODwereHPUR
1338,M5NOJ,SUTHAR,JODwereHPUR
1339,MANOJ,SUTHAR,JODwereHPUR
1340,MANOJ,SUTHAR,JODwereHPUR
1341,MANOJ,SU5AR,JODHwerePUR
1342,MA345NOJ,SU5AR,JODHwerePUR
1343,MA345NOJ,SU5AR,JODHwerePUR
1344,MA345NOJ,SU5AR,JODHwerePUR
1345,MA345NOJ,SU5AR,JODerPUR
1346,MA345NOJ,SU5AR,JODerPUR
1347,MA345NOJ,SU5AR,JODerPUR
1348,MA345NOJ,SU5AR,JODHPUR
1349,MANOJ,SU5AR,JODHPUR
1350,MANOJ,SUTHAR,JODHPUR
1351,MwerNOJ,SUTHAR,JODHPUR
1352,MwerNOJ,SUTHAR,JODerHPUR
1353,MwerNOJ,SUTHAR,JODerHPUR
1354,MwerNOJ,SUTHAR,JODerHPUR
1355,MwerNOJ,SUTHAR,JODerHPUR
1356,M5NOJ,SUTHAR,JODHPUR
1357,M5NOJ,SUTHAR,JODHPUR
1358,M5NOJ,SUTHAR,JODwereHPUR
1359,M5NOJ,SUTHAR,JODwereHPUR
1360,M5NOJ,SUTHAR,JODwereHPUR
1361,M5NOJ,SUTHAR,JODwereHPUR
1362,M5NOJ,SUTHAR,JODwereHPUR
1363,MANOJ,SUTHAR,JODwereHPUR
1364,MANOJ,SUTHAR,JODwereHPUR
1365,MANOJ,SU5AR,JODHwerePUR
1366,MA345NOJ,SU5AR,JODHwerePUR
1367,MA345NOJ,SU5AR,JODHwerePUR
1368,MA345NOJ,SU5AR,JODHwerePUR
1369,MA345NOJ,SU5AR,JODerPUR
1370,MA345NOJ,SU5AR,JODerPUR
1371,MA345NOJ,SU5AR,JODerPUR
1372,MA345NOJ,SU5AR,JODHPUR
1373,MANOJ,SU5AR,JODHPUR
1374,MANOJ,SUTHAR,JODHPUR
1375,MwerNOJ,SUTHAR,JODHPUR
1376,MwerNOJ,SUTHAR,JODerHPUR
1377,MwerNOJ,SUTHAR,JODerHPUR
1378,MwerNOJ,SUTHAR,JODerHPUR
1379,MwerNOJ,SUTHAR,JODerHPUR
1380,M5NOJ,SUTHAR,JODHPUR
1381,M5NOJ,SUTHAR,JODHPUR
1382,M5NOJ,SUTHAR,JODwereHPUR
1383,M5NOJ,SUTHAR,JODwereHPUR
1384,M5NOJ,SUTHAR,JODwereHPUR
1385,M5NOJ,SUTHAR,JODwereHPUR
1386,M5NOJ,SUTHAR,JODwereHPUR
1387,MANOJ,SUTHAR,JODwereHPUR
1388,MANOJ,SUTHAR,JODwereHPUR
1389,MANOJ,SU5AR,JODHwerePUR
1390,MA345NOJ,SU5AR,JODHwerePUR
1391,MA345NOJ,SU5AR,JODHwerePUR
1392,MA345NOJ,SU5AR,JODHwerePUR
1393,MA345NOJ,SU5AR,JODerPUR
1394,MA345NOJ,SU5AR,JODerPUR
1395,MA345NOJ,SU5AR,JODerPUR
1396,MA345NOJ,SU5AR,JODHPUR
1397,MANOJ,SU5AR,JODHPUR
1398,MANOJ,SUTHAR,JODHPUR
1399,MwerNOJ,SUTHAR,JODHPUR
1400,MwerNOJ,SUTHAR,JODerHPUR
1401,MwerNOJ,SUTHAR,JODerHPUR
1402,MwerNOJ,SUTHAR,JODerHPUR
1403,MwerNOJ,SUTHAR,JODerHPUR
1404,M5NOJ,SUTHAR,JODHPUR
1405,M5NOJ,SUTHAR,JODHPUR
1406,M5NOJ,SUTHAR,JODwereHPUR
1407,M5NOJ,SUTHAR,JODwereHPUR
1408,M5NOJ,SUTHAR,JODwereHPUR
1409,M5NOJ,SUTHAR,JODwereHPUR
1410,M5NOJ,SUTHAR,JODwereHPUR
1411,MANOJ,SUTHAR,JODwereHPUR
1412,MANOJ,SUTHAR,JODwereHPUR
1413,MANOJ,SU5AR,JODHwerePUR
1414,MA345NOJ,SU5AR,JODHwerePUR
1415,MA345NOJ,SU5AR,JODHwerePUR
1416,MA345NOJ,SU5AR,JODHwerePUR
1417,MA345NOJ,SU5AR,JODerPUR
1418,MA345NOJ,SU5AR,JODerPUR
1419,MA345NOJ,SU5AR,JODerPUR
1420,MA345NOJ,SU5AR,JODHPUR
1421,MANOJ,SU5AR,JODHPUR
1422,MANOJ,SUTHAR,JODHPUR
1423,MwerNOJ,SUTHAR,JODHPUR
1424,MwerNOJ,SUTHAR,JODerHPUR
1425,MwerNOJ,SUTHAR,JODerHPUR
1426,MwerNOJ,SUTHAR,JODerHPUR
1427,MwerNOJ,SUTHAR,JODerHPUR
1428,M5NOJ,SUTHAR,JODHPUR
1429,M5NOJ,SUTHAR,JODHPUR
1430,M5NOJ,SUTHAR,JODwereHPUR
1431,M5NOJ,SUTHAR,JODwereHPUR
1432,M5NOJ,SUTHAR,JODwereHPUR
1433,M5NOJ,SUTHAR,JODwereHPUR
1434,M5NOJ,SUTHAR,JODwereHPUR
1435,MANOJ,SUTHAR,JODwereHPUR
1436,MANOJ,SUTHAR,JODwereHPUR
1437,MANOJ,SU5AR,JODHwerePUR
1438,MA345NOJ,SU5AR,JODHwerePUR
1439,MA345NOJ,SU5AR,JODHwerePUR
1440,MA345NOJ,SU5AR,JODHwerePUR
1441,MA345NOJ,SU5AR,JODerPUR
1442,MA345NOJ,SU5AR,JODerPUR
1443,MA345NOJ,SU5AR,JODerPUR
1444,MA345NOJ,SU5AR,JODHPUR
1445,MANOJ,SU5AR,JODHPUR
1446,MANOJ,SUTHAR,JODHPUR
1447,MwerNOJ,SUTHAR,JODHPUR
1448,MwerNOJ,SUTHAR,JODerHPUR
1449,MwerNOJ,SUTHAR,JODerHPUR
1450,MwerNOJ,SUTHAR,JODerHPUR
1451,MwerNOJ,SUTHAR,JODerHPUR
1452,M5NOJ,SUTHAR,JODHPUR
1453,M5NOJ,SUTHAR,JODHPUR
1454,M5NOJ,SUTHAR,JODwereHPUR
1455,M5NOJ,SUTHAR,JODwereHPUR
1456,M5NOJ,SUTHAR,JODwereHPUR
1457,M5NOJ,SUTHAR,JODwereHPUR
1458,M5NOJ,SUTHAR,JODwereHPUR
1459,MANOJ,SUTHAR,JODwereHPUR
1460,MANOJ,SUTHAR,JODwereHPUR
1461,MANOJ,SU5AR,JODHwerePUR
1462,MA345NOJ,SU5AR,JODHwerePUR
1463,MA345NOJ,SU5AR,JODHwerePUR
1464,MA345NOJ,SU5AR,JODHwerePUR
1465,MA345NOJ,SU5AR,JODerPUR
1466,MA345NOJ,SU5AR,JODerPUR
1467,MA345NOJ,SU5AR,JODerPUR
1468,MA345NOJ,SU5AR,JODHPUR
1469,MANOJ,SU5AR,JODHPUR
1470,MANOJ,SUTHAR,JODHPUR
1471,MwerNOJ,SUTHAR,JODHPUR
1472,MwerNOJ,SUTHAR,JODerHPUR
1473,MwerNOJ,SUTHAR,JODerHPUR
1474,MwerNOJ,SUTHAR,JODerHPUR
1475,MwerNOJ,SUTHAR,JODerHPUR
1476,M5NOJ,SUTHAR,JODHPUR
1477,M5NOJ,SUTHAR,JODHPUR
1478,M5NOJ,SUTHAR,JODwereHPUR
1479,M5NOJ,SUTHAR,JODwereHPUR
1480,M5NOJ,SUTHAR,JODwereHPUR
1481,M5NOJ,SUTHAR,JODwereHPUR
1482,M5NOJ,SUTHAR,JODwereHPUR
1483,MANOJ,SUTHAR,JODwereHPUR
1484,MANOJ,SUTHAR,JODwereHPUR
1485,MANOJ,SU5AR,JODHwerePUR
1486,MA345NOJ,SU5AR,JODHwerePUR
1487,MA345NOJ,SU5AR,JODHwerePUR
1488,MA345NOJ,SU5AR,JODHwerePUR
1489,MA345NOJ,SU5AR,JODerPUR
1490,MA345NOJ,SU5AR,JODerPUR
1491,MA345NOJ,SU5AR,JODerPUR
1492,MA345NOJ,SU5AR,JODHPUR
1493,MANOJ,SU5AR,JODHPUR
1494,MANOJ,SUTHAR,JODHPUR
1495,MwerNOJ,SUTHAR,JODHPUR
1496,MwerNOJ,SUTHAR,JODerHPUR
1497,MwerNOJ,SUTHAR,JODerHPUR
1498,MwerNOJ,SUTHAR,JODerHPUR
1499,MwerNOJ,SUTHAR,JODerHPUR
1500,M5NOJ,SUTHAR,JODHPUR
1501,M5NOJ,SUTHAR,JODHPUR
1502,M5NOJ,SUTHAR,JODwereHPUR
1503,M5NOJ,SUTHAR,JODwereHPUR
1504,M5NOJ,SUTHAR,JODwereHPUR
1505,M5NOJ,SUTHAR,JODwereHPUR
1506,M5NOJ,SUTHAR,JODwereHPUR
1507,MANOJ,SUTHAR,JODwereHPUR
1508,MANOJ,SUTHAR,JODwereHPUR
1509,MANOJ,SU5AR,JODHwerePUR
1510,MA345NOJ,SU5AR,JODHwerePUR
1511,MA345NOJ,SU5AR,JODHwerePUR
1512,MA345NOJ,SU5AR,JODHwerePUR
1513,MA345NOJ,SU5AR,JODerPUR
1514,MA345NOJ,SU5AR,JODerPUR
1515,MA345NOJ,SU5AR,JODerPUR
1516,MA345NOJ,SU5AR,JODHPUR
1517,MANOJ,SU5AR,JODHPUR
1518,MANOJ,SUTHAR,JODHPUR
1519,MwerNOJ,SUTHAR,JODHPUR
1520,MwerNOJ,SUTHAR,JODerHPUR
1521,MwerNOJ,SUTHAR,JODerHPUR
1522,MwerNOJ,SUTHAR,JODerHPUR
1523,MwerNOJ,SUTHAR,JODerHPUR
1524,M5NOJ,SUTHAR,JODHPUR
1525,M5NOJ,SUTHAR,JODHPUR
1526,M5NOJ,SUTHAR,JODwereHPUR
1527,M5NOJ,SUTHAR,JODwereHPUR
1528,M5NOJ,SUTHAR,JODwereHPUR
1529,M5NOJ,SUTHAR,JODwereHPUR
1530,M5NOJ,SUTHAR,JODwereHPUR
1531,MANOJ,SUTHAR,JODwereHPUR
1532,MANOJ,SUTHAR,JODwereHPUR
1533,MANOJ,SU5AR,JODHwerePUR
1534,MA345NOJ,SU5AR,JODHwerePUR
1535,MA345NOJ,SU5AR,JODHwerePUR
1536,MA345NOJ,SU5AR,JODHwerePUR
1537,MA345NOJ,SU5AR,JODerPUR
1538,MA345NOJ,SU5AR,JODerPUR
1539,MA345NOJ,SU5AR,JODerPUR
1540,MA345NOJ,SU5AR,JODHPUR
1541,MANOJ,SU5AR,JODHPUR
1542,MANOJ,SUTHAR,JODHPUR
1543,MwerNOJ,SUTHAR,JODHPUR
1544,MwerNOJ,SUTHAR,JODerHPUR
1545,MwerNOJ,SUTHAR,JODerHPUR
1546,MwerNOJ,SUTHAR,JODerHPUR
1547,MwerNOJ,SUTHAR,JODerHPUR
1548,M5NOJ,SUTHAR,JODHPUR
1549,M5NOJ,SUTHAR,JODHPUR
1550,M5NOJ,SUTHAR,JODwereHPUR
1551,M5NOJ,SUTHAR,JODwereHPUR
1552,M5NOJ,SUTHAR,JODwereHPUR
1553,M5NOJ,SUTHAR,JODwereHPUR
1554,M5NOJ,SUTHAR,JODwereHPUR
1555,MANOJ,SUTHAR,JODwereHPUR
1556,MANOJ,SUTHAR,JODwereHPUR
1557,MANOJ,SU5AR,JODHwerePUR
1558,MA345NOJ,SU5AR,JODHwerePUR
1559,MA345NOJ,SU5AR,JODHwerePUR
1560,MA345NOJ,SU5AR,JODHwerePUR
1561,MA345NOJ,SU5AR,JODerPUR
1562,MA345NOJ,SU5AR,JODerPUR
1563,MA345NOJ,SU5AR,JODerPUR
1564,MA345NOJ,SU5AR,JODHPUR
1565,MANOJ,SU5AR,JODHPUR
1566,MANOJ,SUTHAR,JODHPUR
1567,MwerNOJ,SUTHAR,JODHPUR
1568,MwerNOJ,SUTHAR,JODerHPUR
1569,MwerNOJ,SUTHAR,JODerHPUR
1570,MwerNOJ,SUTHAR,JODerHPUR
1571,MwerNOJ,SUTHAR,JODerHPUR
1572,M5NOJ,SUTHAR,JODHPUR
1573,M5NOJ,SUTHAR,JODHPUR
1574,M5NOJ,SUTHAR,JODwereHPUR
1575,M5NOJ,SUTHAR,JODwereHPUR
1576,M5NOJ,SUTHAR,JODwereHPUR
1577,M5NOJ,SUTHAR,JODwereHPUR
1578,M5NOJ,SUTHAR,JODwereHPUR
1579,MANOJ,SUTHAR,JODwereHPUR
1580,MANOJ,SUTHAR,JODwereHPUR
1581,MANOJ,SU5AR,JODHwerePUR
1582,MA345NOJ,SU5AR,JODHwerePUR
1583,MA345NOJ,SU5AR,JODHwerePUR
1584,MA345NOJ,SU5AR,JODHwerePUR
1585,MA345NOJ,SU5AR,JODerPUR
1586,MA345NOJ,SU5AR,JODerPUR
1587,MA345NOJ,SU5AR,JODerPUR
1588,MA345NOJ,SU5AR,JODHPUR
1589,MANOJ,SU5AR,JODHPUR
1590,MANOJ,SUTHAR,JODHPUR
1591,MwerNOJ,SUTHAR,JODHPUR
1592,MwerNOJ,SUTHAR,JODerHPUR
1593,MwerNOJ,SUTHAR,JODerHPUR
1594,MwerNOJ,SUTHAR,JODerHPUR
1595,MwerNOJ,SUTHAR,JODerHPUR
1596,M5NOJ,SUTHAR,JODHPUR
1597,M5NOJ,SUTHAR,JODHPUR
1598,M5NOJ,SUTHAR,JODwereHPUR
1599,M5NOJ,SUTHAR,JODwereHPUR
1600,M5NOJ,SUTHAR,JODwereHPUR
1601,M5NOJ,SUTHAR,JODwereHPUR
1602,M5NOJ,SUTHAR,JODwereHPUR
1603,MANOJ,SUTHAR,JODwereHPUR
1604,MANOJ,SUTHAR,JODwereHPUR
1605,MANOJ,SU5AR,JODHwerePUR
1606,MA345NOJ,SU5AR,JODHwerePUR
1607,MA345NOJ,SU5AR,JODHwerePUR
1608,MA345NOJ,SU5AR,JODHwerePUR
1609,MA345NOJ,SU5AR,JODerPUR
1610,MA345NOJ,SU5AR,JODerPUR
1611,MA345NOJ,SU5AR,JODerPUR
1612,MA345NOJ,SU5AR,JODHPUR
1613,MANOJ,SU5AR,JODHPUR
1614,MANOJ,SUTHAR,JODHPUR
1615,MwerNOJ,SUTHAR,JODHPUR
1616,MwerNOJ,SUTHAR,JODerHPUR
1617,MwerNOJ,SUTHAR,JODerHPUR
1618,MwerNOJ,SUTHAR,JODerHPUR
1619,MwerNOJ,SUTHAR,JODerHPUR
1620,M5NOJ,SUTHAR,JODHPUR
1621,M5NOJ,SUTHAR,JODHPUR
1622,M5NOJ,SUTHAR,JODwereHPUR
1623,M5NOJ,SUTHAR,JODwereHPUR
1624,M5NOJ,SUTHAR,JODwereHPUR
1625,M5NOJ,SUTHAR,JODwereHPUR
1626,M5NOJ,SUTHAR,JODwereHPUR
1627,MANOJ,SUTHAR,JODwereHPUR
1628,MANOJ,SUTHAR,JODwereHPUR
1629,MANOJ,SU5AR,JODHwerePUR
1630,MA345NOJ,SU5AR,JODHwerePUR
1631,MA345NOJ,SU5AR,JODHwerePUR
1632,MA345NOJ,SU5AR,JODHwerePUR
1633,MA345NOJ,SU5AR,JODerPUR
1634,MA345NOJ,SU5AR,JODerPUR
1635,MA345NOJ,SU5AR,JODerPUR
1636,MA345NOJ,SU5AR,JODHPUR
1637,MANOJ,SU5AR,JODHPUR
1638,MANOJ,SUTHAR,JODHPUR
1639,MwerNOJ,SUTHAR,JODHPUR
1640,MwerNOJ,SUTHAR,JODerHPUR
1641,MwerNOJ,SUTHAR,JODerHPUR
1642,MwerNOJ,SUTHAR,JODerHPUR
1643,MwerNOJ,SUTHAR,JODerHPUR
1644,M5NOJ,SUTHAR,JODHPUR
1645,M5NOJ,SUTHAR,JODHPUR
1646,M5NOJ,SUTHAR,JODwereHPUR
1647,M5NOJ,SUTHAR,JODwereHPUR
1648,M5NOJ,SUTHAR,JODwereHPUR
1649,M5NOJ,SUTHAR,JODwereHPUR
1650,M5NOJ,SUTHAR,JODwereHPUR
1651,MANOJ,SUTHAR,JODwereHPUR
1652,MANOJ,SUTHAR,JODwereHPUR
1653,MANOJ,SU5AR,JODHwerePUR
1654,MA345NOJ,SU5AR,JODHwerePUR
1655,MA345NOJ,SU5AR,JODHwerePUR
1656,MA345NOJ,SU5AR,JODHwerePUR
1657,MA345NOJ,SU5AR,JODerPUR
1658,MA345NOJ,SU5AR,JODerPUR
1659,MA345NOJ,SU5AR,JODerPUR
1660,MA345NOJ,SU5AR,JODHPUR
1661,MANOJ,SU5AR,JODHPUR
1662,MANOJ,SUTHAR,JODHPUR
1663,MwerNOJ,SUTHAR,JODHPUR
1664,MwerNOJ,SUTHAR,JODerHPUR
1665,MwerNOJ,SUTHAR,JODerHPUR
1666,MwerNOJ,SUTHAR,JODerHPUR
1667,MwerNOJ,SUTHAR,JODerHPUR
1668,M5NOJ,SUTHAR,JODHPUR
1669,M5NOJ,SUTHAR,JODHPUR
1670,M5NOJ,SUTHAR,JODwereHPUR
1671,M5NOJ,SUTHAR,JODwereHPUR
1672,M5NOJ,SUTHAR,JODwereHPUR
1673,M5NOJ,SUTHAR,JODwereHPUR
1674,M5NOJ,SUTHAR,JODwereHPUR
1675,MANOJ,SUTHAR,JODwereHPUR
1676,MANOJ,SUTHAR,JODwereHPUR
1677,MANOJ,SU5AR,JODHwerePUR
1678,MA345NOJ,SU5AR,JODHwerePUR
1679,MA345NOJ,SU5AR,JODHwerePUR
1680,MA345NOJ,SU5AR,JODHwerePUR
1681,MA345NOJ,SU5AR,JODerPUR
1682,MA345NOJ,SU5AR,JODerPUR
1683,MA345NOJ,SU5AR,JODerPUR
1684,MA345NOJ,SU5AR,JODHPUR
1685,MANOJ,SU5AR,JODHPUR
1686,MANOJ,SUTHAR,JODHPUR
1687,MwerNOJ,SUTHAR,JODHPUR
1688,MwerNOJ,SUTHAR,JODerHPUR
1689,MwerNOJ,SUTHAR,JODerHPUR
1690,MwerNOJ,SUTHAR,JODerHPUR
1691,MwerNOJ,SUTHAR,JODerHPUR
1692,M5NOJ,SUTHAR,JODHPUR
1693,M5NOJ,SUTHAR,JODHPUR
1694,M5NOJ,SUTHAR,JODwereHPUR
1695,M5NOJ,SUTHAR,JODwereHPUR
1696,M5NOJ,SUTHAR,JODwereHPUR
1697,M5NOJ,SUTHAR,JODwereHPUR
1698,M5NOJ,SUTHAR,JODwereHPUR
1699,MANOJ,SUTHAR,JODwereHPUR
1700,MANOJ,SUTHAR,JODwereHPUR
1701,MANOJ,SU5AR,JODHwerePUR
1702,MA345NOJ,SU5AR,JODHwerePUR
1703,MA345NOJ,SU5AR,JODHwerePUR
1704,MA345NOJ,SU5AR,JODHwerePUR
1705,MA345NOJ,SU5AR,JODerPUR
1706,MA345NOJ,SU5AR,JODerPUR
1707,MA345NOJ,SU5AR,JODerPUR
1708,MA345NOJ,SU5AR,JODHPUR
1709,MANOJ,SU5AR,JODHPUR
